gameindex,year,month,day,round,hometeamindex,awayteamindex,homewinodds,drawodds,awaywinodds,overtime,homescore,awayscore
1,2009,3,13,,8,6,1.69,20.33,2.15,0,19,18
2,2009,3,13,,7,12,1.4,22.67,2.93,-1,17,16
3,2009,3,14,,2,5,2.52,21.67,1.51,0,34,12
4,2009,3,14,,16,3,1.42,21.67,2.87,0,18,10
5,2009,3,14,,9,13,1.4,22.33,2.95,0,26,18
6,2009,3,15,,4,1,1.56,20.33,2.41,0,12,52
7,2009,3,15,,10,11,1.42,23.33,2.85,0,34,20
8,2009,3,16,,15,14,1.52,20.33,2.51,0,34,26
9,2009,3,20,,8,7,1.65,19.75,2.21,0,16,14
10,2009,3,20,,1,13,1.58,19.75,2.36,0,8,14
11,2009,3,21,,6,15,1.35,22.5,3.16,0,42,14
12,2009,3,21,,3,2,2.48,21.25,1.52,0,26,28
13,2009,3,21,,12,10,1.48,21.25,2.62,0,16,10
14,2009,3,22,,5,9,1.51,21.25,2.51,0,24,26
15,2009,3,22,,14,4,1.49,21.25,2.58,0,4,28
16,2009,3,23,,16,11,1.67,19.25,2.2,0,12,24
17,2009,3,27,,10,2,1.67,19.75,2.19,0,20,12
18,2009,3,27,,15,4,2.34,20.25,1.59,0,40,24
19,2009,3,28,,6,7,1.78,18.75,2.03,0,12,26
20,2009,3,28,,13,14,1.36,23.75,3.1,0,18,16
21,2009,3,28,,9,8,1.53,20.25,2.48,0,10,26
22,2009,3,29,,12,16,1.39,23.5,2.97,0,10,6
23,2009,3,29,,1,11,1.51,20.75,2.53,0,22,12
24,2009,3,30,,5,3,1.18,27.67,4.5,0,10,12
25,2009,4,3,,4,13,2.26,20,1.64,0,24,6
26,2009,4,3,,8,12,1.46,21.33,2.67,0,12,25
27,2009,4,4,,7,10,1.19,27,4.44,0,6,18
28,2009,4,4,,3,15,1.89,18.25,1.91,0,42,22
29,2009,4,5,,11,5,2.47,21.5,1.54,0,26,12
30,2009,4,5,,2,16,1.56,20.25,2.43,0,24,12
31,2009,4,5,,9,1,1.46,21.25,2.71,0,16,22
32,2009,4,6,,14,6,2.12,19.25,1.73,0,23,18
33,2009,4,10,,4,8,2.53,20.75,1.52,0,24,28
34,2009,4,10,,13,12,2.58,21.5,1.5,0,8,22
35,2009,4,11,,7,3,1.23,26.5,4.08,0,16,14
36,2009,4,11,,6,10,1.6,20.25,2.33,0,10,14
37,2009,4,11,,16,14,1.78,18.75,2.04,0,14,24
38,2009,4,12,,5,15,1.38,23,3.04,0,23,10
39,2009,4,12,,11,9,1.62,20.25,2.26,0,24,22
40,2009,4,13,,2,1,1.88,17.75,1.94,0,14,12
41,2009,4,17,,3,8,2.55,21.25,1.5,0,18,38
42,2009,4,17,,10,14,1.35,24.75,3.13,0,16,10
43,2009,4,18,,1,5,2.56,21.75,1.5,0,8,24
44,2009,4,18,,12,11,1.43,22.5,2.78,0,18,24
45,2009,4,19,,13,2,2.49,21.25,1.53,0,18,48
46,2009,4,19,,16,6,2.4,20.17,1.55,0,10,34
47,2009,4,19,,9,4,1.46,23,2.63,-1,17,16
48,2009,4,20,,15,7,2.78,23.75,1.42,0,16,6
49,2009,4,24,,8,13,1.25,24.25,3.8,0,40,8
50,2009,4,24,,1,16,1.54,20.25,2.46,0,32,26
51,2009,4,25,,6,5,1.71,19.5,2.13,0,26,12
52,2009,4,25,,7,9,1.44,21.75,2.74,-1,14,14
53,2009,4,25,,4,12,2.41,20.25,1.56,0,0,29
54,2009,4,26,,15,11,0,0,0,0,26,24
55,2009,4,26,,14,2,1.74,19.25,2.08,0,20,30
56,2009,4,27,,3,10,1.75,18.75,2.07,0,34,20
57,2009,5,1,,13,6,2.61,21.25,1.49,0,28,18
58,2009,5,1,,5,7,1.93,18.13,1.88,0,8,22
59,2009,5,2,,11,8,2.63,21.75,1.48,0,28,12
60,2009,5,2,,14,3,1.62,20.25,2.28,0,10,18
61,2009,5,2,,16,4,2.26,19.75,1.63,0,12,19
62,2009,5,2,,10,1,1.46,22,2.72,0,22,14
63,2009,5,3,,2,15,1.49,22,2.58,0,22,20
64,2009,5,3,,12,9,1.5,21.25,2.55,0,12,11
65,2009,5,9,,6,12,1.54,20.25,2.43,0,24,20
66,2009,5,10,,8,5,1.51,21.25,2.53,0,20,22
67,2009,5,10,,11,10,1.6,20,2.32,0,23,18
68,2009,5,11,,4,7,2.43,20.25,1.54,0,12,28
69,2009,5,15,,8,10,1.42,23,2.85,0,32,18
70,2009,5,15,,12,2,1.59,20.25,2.33,0,20,18
71,2009,5,16,,3,16,1.42,22.25,2.83,0,26,22
72,2009,5,16,,4,11,2.34,20.75,1.58,0,6,38
73,2009,5,17,,15,1,1.78,19.25,2.04,0,22,23
74,2009,5,17,,5,13,1.4,23.5,2.91,0,34,10
75,2009,5,17,,9,6,1.47,21.75,2.67,0,12,34
76,2009,5,18,,7,14,1.23,27,4.18,0,46,6
77,2009,5,22,,15,8,3.51,24.25,1.29,0,18,20
78,2009,5,22,,13,1,2.88,21.75,1.41,-1,16,16
79,2009,5,23,,3,4,1.4,21.75,2.94,0,48,6
80,2009,5,23,,2,7,2.31,19.75,1.61,0,26,10
81,2009,5,23,,16,12,3.01,22.25,1.39,0,4,26
82,2009,5,24,,10,5,1.8,18.25,2.01,0,18,17
83,2009,5,24,,14,9,1.83,18.25,1.98,0,38,12
84,2009,5,25,,6,11,1.66,19.75,2.21,0,36,10
85,2009,5,29,,12,3,1.43,22,2.84,0,38,10
86,2009,5,30,,13,16,1.5,21.25,2.57,0,10,13
87,2009,5,31,,11,2,2.18,19.25,1.68,0,22,14
88,2009,5,31,,9,15,1.5,21.25,2.58,0,14,0
89,2009,6,1,,1,14,1.43,23.75,2.78,0,18,34
90,2009,6,5,,7,8,1.48,20.39,2.68,0,48,4
91,2009,6,5,,15,3,1.83,18.42,2,0,10,26
92,2009,6,6,,6,1,1.35,22.67,3.21,0,46,12
93,2009,6,6,,5,4,1.25,24.58,3.87,0,38,18
94,2009,6,7,,11,13,1.26,23.67,3.72,0,18,20
95,2009,6,7,,16,9,2.09,18.89,1.74,0,18,10
96,2009,6,8,,10,12,2.03,18.41,1.79,0,28,24
97,2009,6,12,,8,2,2.14,19.81,1.7,0,22,44
98,2009,6,12,,9,11,1.62,20.16,2.26,0,13,0
99,2009,6,13,,1,7,4.23,25,1.21,0,22,28
100,2009,6,13,,3,5,2.19,19.62,1.67,0,6,20
101,2009,6,13,,4,10,2.22,19.87,1.66,0,20,24
102,2009,6,14,,12,6,1.64,19.86,2.25,0,32,18
103,2009,6,14,,14,16,1.4,21.81,2.94,0,22,24
104,2009,6,15,,13,15,1.63,20.9,2.27,0,6,23
105,2009,6,19,,2,3,1.25,24.6,3.94,0,19,12
106,2009,6,20,,6,4,2.03,18.27,1.78,0,24,22
107,2009,6,21,,5,14,1.66,19.29,2.21,0,20,14
108,2009,6,21,,7,15,1.51,20.87,2.55,0,14,12
109,2009,6,22,,16,8,1.82,18.29,1.99,0,46,12
110,2009,6,26,,2,6,1.47,22.67,2.64,0,30,18
111,2009,6,26,,15,12,2.89,22.91,1.41,0,10,21
112,2009,6,27,,4,16,1.99,19.29,1.82,0,19,12
113,2009,6,27,,10,9,1.48,22.21,2.59,0,28,12
114,2009,6,28,,13,8,2.15,19.86,1.7,0,21,14
115,2009,6,28,,14,7,2.72,22.21,1.45,0,26,16
116,2009,6,29,,11,1,1.38,22.99,3.02,0,25,20
117,2009,7,3,,12,4,1.22,26.89,4.36,0,34,12
118,2009,7,3,,8,9,0,0,0,0,28,14
119,2009,7,4,,6,16,1.22,25.76,4.14,0,24,4
120,2009,7,4,,7,11,1.33,22.94,3.32,0,18,14
121,2009,7,4,,1,15,1.82,18.41,2,0,20,54
122,2009,7,5,,3,13,1.8,18.35,2.01,0,38,34
123,2009,7,5,,14,10,1.53,20.88,2.48,0,34,28
124,2009,7,6,,5,2,1.65,19.62,2.22,0,19,12
125,2009,7,10,,1,3,1.53,21.01,2.5,0,36,12
126,2009,7,11,,11,14,1.46,21.41,2.7,0,23,4
127,2009,7,12,,12,5,1.44,21.8,2.74,0,48,18
128,2009,7,12,,9,2,1.42,21.81,2.82,0,14,18
129,2009,7,13,,10,13,1.22,25.53,4.17,0,18,12
130,2009,7,17,,2,10,1.64,19.82,2.25,0,23,16
131,2009,7,17,,8,1,1.5,21.4,2.59,0,12,44
132,2009,7,18,,16,5,2.6,21.72,1.49,0,26,32
133,2009,7,18,,3,14,1.78,18.77,2.04,0,27,14
134,2009,7,19,,15,6,1.7,18.97,2.15,0,34,14
135,2009,7,19,,4,9,1.68,18.88,2.19,0,24,30
136,2009,7,20,,13,7,2.39,20.82,1.56,0,18,16
137,2009,7,24,,5,11,1.38,22.03,3,0,44,20
138,2009,7,24,,10,8,1.2,25.78,4.44,0,34,18
139,2009,7,25,,7,16,1.27,25.06,3.63,0,30,10
140,2009,7,25,,6,3,1.37,22.05,3.1,0,20,28
141,2009,7,25,,2,13,1.27,24.6,3.64,0,8,27
142,2009,7,26,,9,12,2.63,21.25,1.48,0,4,29
143,2009,7,26,,14,15,1.65,19.83,2.21,0,4,25
144,2009,7,27,,1,4,1.39,22.52,3.01,0,40,20
145,2009,7,31,,12,7,1.5,22.01,2.58,0,26,12
146,2009,7,31,,10,6,1.48,21.84,2.63,0,18,34
147,2009,8,1,,3,9,1.3,23.39,3.52,-1,32,32
148,2009,8,1,,11,4,0,0,0,0,18,30
149,2009,8,1,,14,8,2.21,19.99,1.67,0,56,0
150,2009,8,2,,1,2,2.95,22.67,1.39,0,18,26
151,2009,8,2,,16,13,2.77,21.74,1.44,0,0,30
152,2009,8,3,,15,5,2.74,22.29,1.44,0,19,18
153,2009,8,7,,7,6,1.43,20.75,2.8,0,20,8
154,2009,8,7,,3,12,2.75,20.75,1.44,0,6,25
155,2009,8,8,,2,14,1.2,25,4.33,0,23,20
156,2009,8,8,,5,1,1.23,24.5,4.05,0,22,36
157,2009,8,9,,13,11,1.49,20.25,2.59,0,40,8
158,2009,8,9,,4,15,2.75,20.75,1.44,0,10,17
159,2009,8,9,,9,10,2.31,19,1.61,0,10,30
160,2009,8,10,,8,16,1.18,26.5,4.55,0,30,10
161,2009,8,14,,1,10,1.84,18.8,1.96,0,14,22
162,2009,8,14,,6,2,1.58,20.78,2.36,0,12,22
163,2009,8,15,,13,9,1.19,27.53,4.44,0,40,4
164,2009,8,15,,14,12,2.78,22.83,1.43,0,24,12
165,2009,8,15,,4,5,4.43,26.94,1.2,0,12,44
166,2009,8,16,,8,3,1.55,21.92,2.4,0,58,24
167,2009,8,16,,16,15,3.89,24.6,1.26,0,10,56
168,2009,8,17,,11,7,2.09,19.99,1.73,0,26,14
169,2009,8,21,,15,13,2.32,20.79,1.61,0,18,26
170,2009,8,21,,12,8,1.28,24.59,3.72,0,2,12
171,2009,8,22,,3,1,1.35,24.59,3.08,0,40,10
172,2009,8,22,,11,6,1.58,20.31,2.38,0,32,26
173,2009,8,23,,9,14,1.9,18,1.9,0,34,20
174,2009,8,23,,7,5,1.94,18.92,1.87,0,16,20
175,2009,8,23,,10,16,1.1,30.38,6.39,0,20,10
176,2009,8,24,,2,4,1.12,30.91,5.8,0,28,4
177,2009,8,28,,13,3,1.38,24.11,2.99,0,48,6
178,2009,8,28,,6,8,2.75,22,1.44,0,10,16
179,2009,8,29,,1,12,6.45,30.91,1.1,0,41,6
180,2009,8,29,,7,4,1.08,34.2,7.3,0,38,4
181,2009,8,29,,10,15,1.35,24.6,3.14,0,36,24
182,2009,8,30,,2,9,1.1,31.82,6.48,0,40,20
183,2009,8,30,,5,16,1.06,33.58,8.23,0,18,16
184,2009,8,31,,14,11,1.8,18.92,2.01,0,30,14
185,2009,9,4,,12,13,1.64,20.31,2.25,0,37,0
186,2009,9,4,,15,2,2.61,20.99,1.5,0,34,12
187,2009,9,5,,5,10,1.32,26,3.31,0,38,4
188,2009,9,5,,16,1,2.13,18.49,1.72,0,24,26
189,2009,9,5,,9,7,3.15,23.98,1.35,0,0,30
190,2009,9,6,,8,14,1.2,28.51,4.29,0,22,10
191,2009,9,6,,11,3,1.47,22.36,2.67,0,35,0
192,2009,9,6,,4,6,2.36,19.45,1.6,0,16,32
193,2009,9,11,,7,5,1.75,18.61,2.09,0,40,12
194,2009,9,12,,2,11,1.5,20.6,2.58,0,26,12
195,2009,9,12,,10,8,2.42,19.4,1.57,0,32,40
196,2009,9,13,,12,13,1.42,20.71,2.87,0,12,25
197,2009,9,18,,13,10,1.34,24.2,3.22,0,27,2
198,2009,9,19,,8,12,2.02,18.39,1.8,0,24,10
199,2009,9,25,,2,13,2.02,18.4,1.8,0,12,22
200,2009,9,26,,7,8,1.38,23.77,3.07,0,40,10
201,2009,10,4,,13,7,2.45,19.24,1.57,0,16,23
202,2010,3,12,,8,6,1.84,18.81,1.95,0,30,24
203,2010,3,12,,13,12,1.64,19.6,2.24,0,12,18
204,2010,3,13,,3,14,1.41,21.89,2.97,0,34,16
205,2010,3,13,,16,7,2.78,20.49,1.44,0,10,14
206,2010,3,13,,2,11,1.24,25.71,4.05,0,16,20
207,2010,3,14,,1,4,1.5,20.06,2.61,0,10,36
208,2010,3,14,,10,9,1.34,23.03,3.27,0,24,18
209,2010,3,15,,15,5,1.73,19.06,2.13,0,26,22
210,2010,3,19,,1,10,1.73,18.54,2.12,-1,18,19
211,2010,3,19,,12,2,1.52,19.02,2.57,0,26,6
212,2010,3,20,,6,3,1.65,19.03,2.29,0,28,20
213,2010,3,20,,11,7,2.45,19.95,1.56,0,14,20
214,2010,3,20,,9,16,1.49,19.98,2.67,0,30,16
215,2010,3,21,,4,15,2.15,19.34,1.69,0,44,32
216,2010,3,21,,13,5,1.39,21.96,3.01,0,24,20
217,2010,3,22,,14,8,1.67,19.67,2.21,0,22,14
218,2010,3,26,,12,6,1.37,22.7,3.12,0,33,8
219,2010,3,26,,15,13,2.5,19.08,1.54,0,23,12
220,2010,3,27,,10,14,1.35,23.21,3.23,0,24,4
221,2010,3,27,,5,11,1.55,19.61,2.48,0,36,12
222,2010,3,27,,3,7,2.14,18.95,1.72,0,10,16
223,2010,3,28,,2,4,2.01,19.04,1.83,0,60,14
224,2010,3,28,,8,9,1.52,19.59,2.54,0,16,48
225,2010,3,29,,16,1,2.15,18.8,1.7,0,8,30
226,2010,4,2,,4,8,1.34,21.54,3.22,0,25,6
227,2010,4,2,,7,12,1.72,18.85,2.12,0,17,4
228,2010,4,3,,6,10,1.52,20.75,2.51,0,32,18
229,2010,4,3,,16,13,3.96,23.34,1.24,0,11,0
230,2010,4,4,,14,15,2.13,18.64,1.71,0,22,35
231,2010,4,4,,9,5,2.16,18.64,1.7,0,6,14
232,2010,4,5,,1,2,2.52,19.51,1.53,0,38,16
233,2010,4,5,,11,3,1.66,18.84,2.22,0,30,34
234,2010,4,9,,12,8,1.09,31.93,6.62,0,34,16
235,2010,4,9,,10,7,2.6,20.46,1.49,0,20,16
236,2010,4,10,,2,9,1.36,22.39,3.11,0,24,30
237,2010,4,10,,6,15,1.77,18.17,2.06,0,16,23
238,2010,4,10,,1,11,1.44,20.95,2.75,0,28,10
239,2010,4,11,,3,4,1.83,17.67,2,0,28,6
240,2010,4,11,,5,16,1.35,22.85,3.16,0,40,12
241,2010,4,12,,13,14,1.33,22.73,3.26,0,14,24
242,2010,4,16,,10,12,2.06,19.06,1.76,0,6,19
243,2010,4,16,,15,2,1.61,19.08,2.3,0,4,24
244,2010,4,17,,4,14,1.49,20.35,2.62,0,36,6
245,2010,4,17,,11,6,1.32,21.68,3.31,0,36,18
246,2010,4,18,,13,1,1.99,18.51,1.82,0,22,8
247,2010,4,18,,8,16,1.39,21.05,3,0,44,16
248,2010,4,18,,9,3,1.7,18.44,2.15,0,12,40
249,2010,4,19,,7,5,1.37,21.77,3.12,0,16,18
250,2010,4,23,,2,8,1.39,22.09,2.99,0,36,18
251,2010,4,23,,6,13,2.28,20.33,1.59,0,18,24
252,2010,4,24,,16,11,2.57,19.9,1.5,0,26,6
253,2010,4,24,,3,15,1.47,20.35,2.67,0,26,18
254,2010,4,25,,7,9,1.39,22,3,0,40,6
255,2010,4,25,,12,4,1.47,19.9,2.68,0,28,6
256,2010,4,25,,14,1,1.77,19.05,2.06,0,24,26
257,2010,4,26,,5,10,1.24,22.94,3.93,0,22,24
258,2010,4,30,,13,2,1.43,21.68,2.82,0,26,10
259,2010,4,30,,8,11,1.5,21.06,2.58,0,22,30
260,2010,5,1,,12,16,1.16,27.5,5.07,0,38,0
261,2010,5,1,,6,7,2.3,19.52,1.61,0,6,34
262,2010,5,1,,10,3,1.62,19.69,2.28,0,38,24
263,2010,5,1,,9,14,1.44,21.89,2.75,0,16,23
264,2010,5,2,,1,5,2.3,19.69,1.62,0,22,30
265,2010,5,2,,15,4,1.51,21.28,2.53,0,8,12
266,2010,5,8,,5,12,2.42,19.91,1.56,0,24,6
267,2010,5,9,,7,8,1.2,25.35,4.34,0,14,36
268,2010,5,9,,11,10,1.92,18.72,1.89,0,36,38
269,2010,5,10,,4,6,1.28,23.09,3.61,0,14,32
270,2010,5,14,,8,10,1.87,17.83,1.95,0,28,6
271,2010,5,14,,2,12,2.55,20.46,1.51,0,6,19
272,2010,5,15,,4,11,1.8,17.83,2.02,0,18,34
273,2010,5,15,,14,7,2.27,19.7,1.62,0,6,17
274,2010,5,15,,9,6,1.48,23.66,2.68,0,24,12
275,2010,5,16,,16,3,2.68,20.86,1.47,0,14,34
276,2010,5,16,,15,1,1.72,18.65,2.13,0,10,50
277,2010,5,17,,5,13,1.51,20.25,2.54,0,12,19
278,2010,5,21,,11,15,2.01,17.67,1.82,0,6,23
279,2010,5,22,,13,16,1.34,21.67,3.23,0,18,22
280,2010,5,23,,12,14,1.68,19.61,2.17,0,14,22
281,2010,5,23,,9,1,1.73,19.41,2.09,0,26,24
282,2010,5,24,,3,2,1.43,20.84,2.82,0,31,16
283,2010,5,28,,15,9,1.43,21.5,2.79,0,50,6
284,2010,5,28,,12,13,1.53,20.2,2.46,0,30,0
285,2010,5,29,,6,5,2.13,19.2,1.71,0,20,24
286,2010,5,29,,16,8,2.28,19,1.61,0,4,20
287,2010,5,30,,1,3,1.92,18.6,1.87,0,42,22
288,2010,5,30,,7,2,1.82,19,2.01,0,23,12
289,2010,5,31,,10,4,1.4,21.6,2.87,0,16,30
290,2010,6,4,,13,7,2.14,18.5,1.7,0,24,10
291,2010,6,4,,2,15,2.15,19,1.7,0,12,19
292,2010,6,5,,4,16,1.36,22.5,3.1,0,18,42
293,2010,6,5,,3,11,1.48,21.25,2.59,0,28,10
294,2010,6,6,,5,8,1.48,22,2.61,0,6,22
295,2010,6,6,,14,10,1.6,19.25,2.31,0,28,24
296,2010,6,6,,9,12,2.86,22,1.41,0,20,22
297,2010,6,7,,1,6,1.41,21.75,2.85,0,32,4
298,2010,6,11,,10,5,1.47,21.27,2.69,0,28,14
299,2010,6,12,,6,14,2.33,19.79,1.6,0,16,8
300,2010,6,13,,8,1,1.74,18.47,2.12,0,50,22
301,2010,6,13,,11,9,1.57,20.31,2.41,0,24,32
302,2010,6,14,,7,4,2.36,21.03,1.6,0,6,38
303,2010,6,18,,2,10,2.15,19.17,1.71,0,24,25
304,2010,6,18,,8,3,1.51,19.97,2.58,0,12,22
305,2010,6,19,,5,1,1.59,19.4,2.37,0,26,25
306,2010,6,19,,7,6,1.44,21.33,2.73,0,58,12
307,2010,6,20,,15,14,1.39,22.2,3.01,0,18,8
308,2010,6,20,,16,12,3,21.44,1.4,0,4,22
309,2010,6,21,,11,13,2.46,18.77,1.56,0,6,4
310,2010,6,25,,3,5,1.44,21.8,2.8,0,40,22
311,2010,6,25,,12,15,1.36,22.64,3.16,0,34,10
312,2010,6,26,,1,7,2.46,20.08,1.55,0,16,14
313,2010,6,26,,6,16,1.47,21.24,2.69,-1,19,20
314,2010,6,26,,13,8,1.8,18.52,2.04,0,6,10
315,2010,6,27,,10,11,1.49,20.99,2.63,0,16,24
316,2010,6,27,,4,9,1.81,18.43,2.01,0,18,20
317,2010,6,28,,14,2,1.5,20.67,2.61,0,10,18
318,2010,7,2,,8,15,2.44,19.7,1.55,0,14,16
319,2010,7,3,,16,2,3.01,24.27,1.38,0,12,24
320,2010,7,4,,9,13,1.6,19.4,2.31,0,35,6
321,2010,7,4,,14,4,1.58,20.48,2.37,0,12,22
322,2010,7,5,,12,3,1.38,22.52,3.04,0,8,12
323,2010,7,9,,4,1,1.97,17.89,1.84,0,18,14
324,2010,7,9,,15,10,1.55,18.85,2.44,0,15,14
325,2010,7,10,,2,7,1.84,17.93,1.98,0,20,18
326,2010,7,10,,5,14,1.28,22.48,3.69,0,22,24
327,2010,7,11,,3,9,1.36,22.07,3.11,0,6,12
328,2010,7,11,,11,16,1.43,20.98,2.84,0,21,10
329,2010,7,12,,13,6,1.42,20.86,2.84,0,36,24
330,2010,7,16,,1,12,2.58,20.52,1.51,0,13,16
331,2010,7,16,,10,8,1.91,18.52,1.91,0,10,24
332,2010,7,17,,3,13,1.58,19.5,2.37,0,28,34
333,2010,7,17,,16,5,3.31,23.08,1.32,0,18,48
334,2010,7,17,,9,7,1.71,18.53,2.16,0,13,6
335,2010,7,18,,4,2,1.7,19.16,2.16,0,36,32
336,2010,7,18,,14,11,1.51,20.53,2.57,0,52,18
337,2010,7,19,,15,6,1.26,24.08,3.78,0,26,16
338,2010,7,23,,2,13,2.47,20.23,1.54,0,16,32
339,2010,7,23,,12,10,1.27,25.38,3.69,-1,10,11
340,2010,7,24,,6,11,1.62,20.04,2.28,-1,28,24
341,2010,7,24,,7,3,1.64,19.78,2.27,0,18,10
342,2010,7,24,,14,16,1.33,23.63,3.38,0,20,13
343,2010,7,25,,5,15,1.59,19.84,2.35,0,38,20
344,2010,7,25,,1,9,1.67,19.27,2.2,0,38,28
345,2010,7,26,,8,4,1.38,21.71,3,0,30,34
346,2010,7,30,,2,1,2.25,19.8,1.65,0,32,12
347,2010,7,30,,3,6,1.23,25.52,4.09,0,24,16
348,2010,7,31,,15,16,1.26,24.24,3.87,0,24,22
349,2010,7,31,,13,4,1.53,19.59,2.51,0,12,48
350,2010,8,1,,8,12,2.1,18.74,1.76,0,10,6
351,2010,8,1,,7,14,1.46,21.52,2.74,0,36,12
352,2010,8,1,,9,10,1.56,20.23,2.43,0,20,28
353,2010,8,2,,11,5,2.92,21.63,1.41,0,32,14
354,2010,8,6,,10,13,1.75,18.86,2.07,0,34,12
355,2010,8,6,,6,8,2.67,21.69,1.46,0,26,34
356,2010,8,7,,1,15,2.91,21.95,1.41,-1,34,30
357,2010,8,7,,16,9,2.21,19.65,1.68,0,10,37
358,2010,8,7,,5,7,1.61,20.3,2.32,0,26,6
359,2010,8,8,,4,12,2.02,18.33,1.8,0,12,19
360,2010,8,8,,11,2,1.94,18.6,1.87,0,30,6
361,2010,8,9,,14,3,1.82,18.53,2.01,0,30,26
362,2010,8,13,,16,4,3.29,22.32,1.33,0,18,12
363,2010,8,13,,8,13,1.74,18.52,2.1,0,14,30
364,2010,8,14,,2,14,1.82,18.62,2,0,14,28
365,2010,8,14,,10,6,1.16,25.94,4.87,0,37,18
366,2010,8,15,,15,3,2.02,18.52,1.8,0,43,18
367,2010,8,15,,7,1,1.45,21.43,2.74,0,18,16
368,2010,8,15,,9,11,1.46,20.32,2.72,0,22,10
369,2010,8,16,,12,5,1.45,20.54,2.74,0,32,10
370,2010,8,20,,3,1,1.5,20.24,2.55,0,54,18
371,2010,8,20,,11,8,1.94,17.25,1.85,0,44,18
372,2010,8,21,,7,16,1.25,23.21,3.78,0,24,4
373,2010,8,21,,6,2,2.35,19.09,1.58,0,20,22
374,2010,8,21,,5,9,1.47,19.84,2.66,0,19,16
375,2010,8,22,,13,15,1.67,18.69,2.19,0,18,20
376,2010,8,22,,14,12,2.32,19.1,1.6,0,32,16
377,2010,8,23,,4,10,1.59,19.1,2.34,0,14,23
378,2010,8,27,,1,13,2.6,20.53,1.49,0,24,16
379,2010,8,27,,9,8,1.49,20.85,2.61,0,36,4
380,2010,8,28,,14,6,1.12,30.28,5.7,0,48,4
381,2010,8,28,,11,12,2.27,18.83,1.63,0,18,26
382,2010,8,28,,16,10,2.96,21.54,1.39,0,30,16
383,2010,8,29,,4,5,1.56,18.84,2.41,0,30,14
384,2010,8,29,,15,7,1.42,21.67,2.83,0,26,14
385,2010,8,30,,2,3,2.59,19.92,1.5,0,18,24
386,2010,9,3,,10,15,1.56,18.58,2.44,0,21,18
387,2010,9,3,,8,14,2.5,19.48,1.53,0,16,18
388,2010,9,4,,3,16,1.32,23.07,3.37,0,50,12
389,2010,9,4,,6,4,4.03,25.41,1.23,0,8,18
390,2010,9,4,,13,9,1.8,18.42,2.01,0,12,26
391,2010,9,5,,12,1,1.58,19.1,2.4,0,38,24
392,2010,9,5,,5,2,1.45,21.39,2.72,0,24,30
393,2010,9,5,,7,11,1.08,32.39,7.01,0,34,4
394,2010,9,10,,10,9,1.54,20.36,2.45,0,28,16
395,2010,9,11,,3,14,1.52,20.36,2.5,0,22,24
396,2010,9,11,,15,4,1.84,18.69,1.97,-1,15,19
397,2010,9,12,,12,5,1.16,28.02,4.91,0,28,0
398,2010,9,17,,14,15,1.49,21.2,2.66,0,24,26
399,2010,9,18,,4,3,1.54,19.96,2.51,0,34,12
400,2010,9,24,,10,4,1.76,18.75,2.06,0,6,32
401,2010,9,25,,12,15,1.43,21,2.8,0,13,12
402,2010,10,3,,12,4,1.62,19.07,2.31,0,32,8
403,2011,3,11,,8,6,1.46,18.8,2.7,0,14,16
404,2011,3,11,,4,1,1.73,18.9,2.08,0,40,29
405,2011,3,12,,7,5,1.53,18.7,2.46,0,18,6
406,2011,3,12,,10,12,2.46,18.75,1.54,0,16,25
407,2011,3,12,,9,13,1.41,20,2.85,0,18,24
408,2011,3,13,,3,11,1.67,18.5,2.18,0,8,42
409,2011,3,13,,14,16,1.34,21,3.2,0,40,12
410,2011,3,14,,2,15,2.12,18.5,1.71,0,24,14
411,2011,3,18,,14,8,1.45,19.8,2.71,0,4,20
412,2011,3,18,,13,3,1.46,19.5,2.67,0,6,20
413,2011,3,19,,6,11,1.54,18.5,2.44,0,22,34
414,2011,3,19,,15,9,1.45,19.8,2.71,0,20,12
415,2011,3,19,,7,10,1.46,19.6,2.68,0,40,12
416,2011,3,20,,4,5,1.23,24,3.89,0,16,27
417,2011,3,20,,1,2,2.41,18.7,1.55,0,19,28
418,2011,3,21,,16,12,4.85,25.25,1.16,0,16,10
419,2011,3,25,,10,8,2.05,18.88,1.75,0,8,14
420,2011,3,25,,13,1,1.89,16.9,1.91,0,18,32
421,2011,3,26,,15,14,1.52,18.8,2.49,0,34,24
422,2011,3,26,,3,16,1.42,20,2.78,0,12,44
423,2011,3,27,,5,11,1.56,18.9,2.39,0,26,12
424,2011,3,27,,2,4,1.99,17,1.81,0,24,20
425,2011,3,27,,9,12,2.08,17,1.74,0,12,25
426,2011,3,28,,6,7,2.55,18.75,1.5,0,34,6
427,2011,4,1,,8,3,1.36,21.6,3.06,0,18,10
428,2011,4,1,,1,5,2.14,19,1.68,0,32,30
429,2011,4,2,,13,6,1.68,18.9,2.15,0,22,20
430,2011,4,2,,14,10,1.31,21,3.33,-1,22,23
431,2011,4,3,,4,15,1.4,18.9,2.93,0,24,6
432,2011,4,3,,11,12,2.61,19.6,1.48,0,18,20
433,2011,4,3,,16,9,2.18,18.9,1.66,0,18,26
434,2011,4,4,,7,2,1.71,19,2.11,0,30,16
435,2011,4,8,,15,1,2.29,18.7,1.6,0,30,6
436,2011,4,8,,6,10,1.49,19.5,2.57,0,22,12
437,2011,4,9,,3,14,1.74,18.5,2.07,0,36,10
438,2011,4,9,,16,5,2.19,18.3,1.66,0,13,19
439,2011,4,9,,9,4,2.25,18.3,1.63,0,24,12
440,2011,4,10,,12,2,1.51,19,2.52,0,25,6
441,2011,4,10,,7,13,1.29,21.4,3.43,0,38,0
442,2011,4,11,,8,11,1.61,18.3,2.28,0,17,6
443,2011,4,15,,10,15,2.06,18.13,1.75,0,20,14
444,2011,4,15,,13,2,2.58,19.8,1.49,0,14,34
445,2011,4,16,,6,14,1.52,18.8,2.53,0,26,18
446,2011,4,16,,4,8,1.7,18.7,2.12,0,6,24
447,2011,4,16,,5,9,1.42,20.6,2.82,0,20,10
448,2011,4,17,,3,7,2.58,19.8,1.49,0,10,25
449,2011,4,17,,11,16,1.4,20.6,2.89,0,24,20
450,2011,4,18,,1,12,2.72,20.4,1.44,0,0,16
451,2011,4,22,,5,3,1.35,20.6,3.11,0,22,16
452,2011,4,22,,15,8,1.67,17.63,2.18,0,18,31
453,2011,4,23,,2,1,1.54,18.7,2.43,0,36,24
454,2011,4,23,,16,6,1.72,18.5,2.09,0,12,30
455,2011,4,24,,13,10,2.12,18.6,1.7,0,22,18
456,2011,4,24,,14,11,1.6,19,2.29,0,12,22
457,2011,4,25,,7,9,1.24,22,3.8,0,14,18
458,2011,4,25,,4,12,3.02,20.8,1.37,0,10,24
459,2011,4,29,,1,16,1.38,20.4,3.01,0,31,12
460,2011,4,29,,8,2,1.7,18.6,2.14,0,20,12
461,2011,4,30,,7,11,1.36,20.8,3.06,0,42,12
462,2011,4,30,,6,5,1.79,18.3,2.01,0,22,20
463,2011,4,30,,10,4,1.71,18.5,2.12,0,24,13
464,2011,5,1,,12,13,1.14,27.8,5.12,0,30,0
465,2011,5,1,,14,15,1.8,18.2,1.99,0,12,49
466,2011,5,1,,9,3,1.44,20,2.72,0,26,18
467,2011,5,7,,8,7,2.66,19.18,1.47,0,22,29
468,2011,5,8,,12,6,1.47,19.3,2.63,0,22,8
469,2011,5,8,,10,9,1.52,18.7,2.49,0,14,34
470,2011,5,9,,5,14,1.34,21.69,3.19,0,20,0
471,2011,5,13,,3,8,2.62,19.9,1.47,0,33,10
472,2011,5,13,,2,12,2.55,19.9,1.5,0,10,15
473,2011,5,14,,6,13,1.44,20.4,2.73,0,40,26
474,2011,5,14,,1,15,3.1,21.2,1.35,0,29,18
475,2011,5,14,,7,14,1.13,27,5.3,0,12,20
476,2011,5,15,,16,4,2.64,20.2,1.46,0,18,4
477,2011,5,15,,11,9,1.71,18.5,2.09,0,16,25
478,2011,5,16,,10,5,2.44,18.5,1.54,0,12,16
479,2011,5,20,,14,2,2.46,17.87,1.55,0,20,12
480,2011,5,21,,15,3,1.33,21.26,3.25,0,20,18
481,2011,5,22,,4,11,1.78,17.45,2.04,0,12,10
482,2011,5,22,,9,1,1.37,20.69,3.03,0,12,6
483,2011,5,23,,13,16,1.42,20.31,2.85,0,40,6
484,2011,5,27,,2,10,1.46,19.18,2.7,0,28,6
485,2011,5,27,,5,8,1.5,18.89,2.58,0,34,10
486,2011,5,28,,6,4,1.46,19.21,2.72,0,20,6
487,2011,5,28,,11,13,1.58,18.9,2.33,0,8,6
488,2011,5,29,,12,15,1.46,19.25,2.71,0,24,18
489,2011,5,29,,7,16,1.19,22.68,4.55,0,14,8
490,2011,5,30,,3,1,1.56,18.16,2.4,0,22,10
491,2011,6,3,,16,8,2.69,19.96,1.47,0,16,34
492,2011,6,3,,13,12,3.75,20.69,1.27,-1,14,14
493,2011,6,4,,4,9,2.09,18.38,1.74,0,13,6
494,2011,6,4,,2,5,2.23,18.3,1.64,0,4,38
495,2011,6,4,,10,3,1.75,17.74,2.08,0,10,23
496,2011,6,5,,1,7,2.74,19.54,1.45,0,6,16
497,2011,6,5,,14,6,1.55,18.32,2.45,0,24,40
498,2011,6,6,,15,11,1.31,20.55,3.38,-1,17,16
499,2011,6,10,,12,10,1.85,17.7,1.94,0,14,28
500,2011,6,11,,5,6,1.15,26.8,4.94,0,24,4
501,2011,6,12,,8,14,1.89,16.9,1.91,-1,25,24
502,2011,6,12,,9,15,1.52,19.89,2.5,0,22,26
503,2011,6,13,,7,4,1.7,19.05,2.13,0,21,4
504,2011,6,17,,1,10,1.69,18.52,2.16,0,31,8
505,2011,6,17,,8,12,1.9,17.6,1.89,0,21,14
506,2011,6,18,,6,9,1.5,19.31,2.56,0,30,10
507,2011,6,18,,11,3,1.52,18.5,2.52,0,16,12
508,2011,6,19,,15,7,1.68,19.2,2.17,0,4,12
509,2011,6,19,,2,16,1.43,20.05,2.79,0,10,26
510,2011,6,20,,5,13,1.27,20.53,3.74,0,22,18
511,2011,6,24,,1,8,2.6,19.6,1.48,0,16,12
512,2011,6,24,,15,2,2.35,19.18,1.58,0,6,16
513,2011,6,25,,14,13,1.64,19.04,2.24,0,25,12
514,2011,6,25,,10,16,1.74,18.31,2.09,0,12,36
515,2011,6,26,,11,4,1.63,19.04,2.27,0,18,10
516,2011,6,26,,3,6,1.66,18.76,2.2,0,30,20
517,2011,6,26,,9,7,1.99,18.12,1.81,0,8,16
518,2011,6,27,,12,5,1.61,18.9,2.27,0,24,6
519,2011,7,1,,13,8,1.59,17.67,2.37,0,12,16
520,2011,7,2,,3,2,2.49,17.14,1.55,0,20,6
521,2011,7,3,,12,11,1.69,18.1,2.15,0,10,14
522,2011,7,3,,16,1,2.06,17.16,1.78,0,26,4
523,2011,7,4,,4,14,1.99,16.73,1.83,0,12,38
524,2011,7,8,,13,15,2.16,18.31,1.69,0,22,6
525,2011,7,8,,9,10,1.3,21.97,3.51,0,22,6
526,2011,7,9,,2,7,2.61,19.87,1.5,0,18,28
527,2011,7,9,,16,14,1.67,18.71,2.2,0,26,12
528,2011,7,10,,5,1,1.3,22.11,3.45,0,36,22
529,2011,7,10,,4,3,2.13,18.93,1.71,0,34,26
530,2011,7,11,,11,6,1.23,23.2,3.91,0,12,22
531,2011,7,15,,8,10,1.21,24.97,4.24,0,30,10
532,2011,7,15,,9,2,1.47,19.91,2.64,0,36,12
533,2011,7,16,,3,13,1.65,19.03,2.24,-1,23,22
534,2011,7,16,,6,15,2.1,19.5,1.72,0,18,38
535,2011,7,16,,1,4,1.8,18.3,1.99,-1,21,20
536,2011,7,17,,11,5,2.67,20.17,1.47,0,10,32
537,2011,7,17,,14,7,2.36,18.03,1.59,0,0,26
538,2011,7,18,,12,16,1.3,22.69,3.4,0,38,8
539,2011,7,22,,7,8,1.51,19,2.54,0,26,6
540,2011,7,22,,2,13,2.05,17.88,1.77,-1,8,7
541,2011,7,23,,15,4,1.45,20.5,2.72,0,19,12
542,2011,7,23,,16,11,1.75,18.25,2.07,0,0,18
543,2011,7,23,,10,6,1.95,17.88,1.85,0,20,28
544,2011,7,24,,3,5,2.65,19.63,1.48,0,8,12
545,2011,7,24,,1,9,2.03,18.38,1.78,0,16,48
546,2011,7,25,,14,12,3.06,20.38,1.37,0,24,19
547,2011,7,29,,8,16,1.19,24.75,4.49,0,46,16
548,2011,7,29,,5,15,1.45,20.38,2.75,0,12,14
549,2011,7,30,,6,3,1.62,18.88,2.28,0,30,18
550,2011,7,30,,4,2,1.81,17.88,2,0,32,28
551,2011,7,31,,12,1,1.16,24.75,4.94,0,24,34
552,2011,7,31,,11,10,1.35,21.25,3.19,0,50,20
553,2011,7,31,,9,14,1.39,20.5,2.95,0,29,10
554,2011,8,1,,13,7,2.95,19.75,1.4,0,18,22
555,2011,8,5,,15,12,2.35,18.7,1.57,0,16,14
556,2011,8,5,,2,6,2,18.1,1.8,0,14,6
557,2011,8,6,,8,9,1.44,19.6,2.71,0,21,20
558,2011,8,6,,16,10,1.32,21.2,3.26,0,16,20
559,2011,8,6,,7,3,1.17,24.6,4.62,0,26,6
560,2011,8,7,,5,4,1.25,22.4,3.79,0,36,8
561,2011,8,7,,11,14,1.37,20.6,3,0,40,8
562,2011,8,8,,1,13,1.6,18.3,2.31,0,56,6
563,2011,8,12,,3,15,3.14,20.8,1.35,0,18,32
564,2011,8,12,,6,8,2.03,18.1,1.78,0,16,34
565,2011,8,13,,13,5,3.54,21.6,1.29,0,20,26
566,2011,8,13,,10,7,6.38,27,1.1,0,16,40
567,2011,8,13,,9,11,1.43,20.6,2.77,0,20,12
568,2011,8,14,,12,4,1.12,28.6,5.83,0,12,20
569,2011,8,14,,14,1,2.22,18.5,1.64,0,18,47
570,2011,8,15,,16,2,2.19,18.3,1.66,0,12,19
571,2011,8,19,,1,6,1.65,19.3,2.21,-1,26,24
572,2011,8,19,,7,12,1.64,18.9,2.23,0,8,6
573,2011,8,20,,4,16,1.48,20.2,2.66,0,36,25
574,2011,8,20,,3,9,2.93,20.6,1.39,0,12,26
575,2011,8,20,,10,14,1.68,18.7,2.17,0,26,18
576,2011,8,21,,15,13,1.28,21.8,3.53,0,31,12
577,2011,8,21,,5,2,1.25,22,3.86,0,27,16
578,2011,8,22,,11,8,2.29,18.9,1.6,0,6,26
579,2011,8,26,,5,7,1.58,19.2,2.36,0,18,4
580,2011,8,26,,13,4,1.75,18.7,2.05,-1,12,13
581,2011,8,27,,6,16,1.09,29.6,6.26,0,28,20
582,2011,8,27,,14,3,1.53,19.5,2.47,0,18,19
583,2011,8,27,,2,11,1.73,18.3,2.09,0,32,22
584,2011,8,28,,8,1,1.52,19.5,2.52,0,22,10
585,2011,8,28,,12,9,1.47,19.9,2.65,0,26,22
586,2011,8,29,,15,10,1.05,35,7.86,0,39,10
587,2011,9,2,,11,1,1.82,17.2,1.98,0,40,24
588,2011,9,2,,12,3,1.18,23.8,4.68,0,32,12
589,2011,9,3,,16,15,4.14,23.2,1.21,0,22,30
590,2011,9,3,,10,13,2.01,17.6,1.79,0,12,32
591,2011,9,3,,9,6,1.44,19.6,2.72,0,18,6
592,2011,9,4,,4,7,2.78,19.8,1.44,0,40,8
593,2011,9,4,,8,5,1.21,23.4,4.16,0,18,10
594,2011,9,4,,2,14,1.29,21.6,3.51,0,36,22
595,2011,9,9,,15,12,2.11,18.63,1.72,0,21,12
596,2011,9,10,,5,6,1.43,20.5,2.81,0,42,8
597,2011,9,10,,8,9,1.64,18.88,2.23,0,40,10
598,2011,9,11,,7,11,1.27,21.75,3.68,0,18,8
599,2011,9,16,,15,9,1.31,21.25,3.36,0,20,22
600,2011,9,17,,8,12,1.62,17.88,2.3,-1,13,12
601,2011,9,23,,5,8,1.39,20,2.91,0,26,14
602,2011,9,24,,7,9,1.39,20.6,2.97,0,12,20
603,2011,10,2,,5,9,1.47,20.2,2.67,0,24,10
604,2012,3,1,,11,12,1.61,18.24,2.37,-1,14,15
605,2012,3,2,,13,8,2.43,19.75,1.57,0,6,18
606,2012,3,3,,6,10,1.48,19.68,2.7,0,0,18
607,2012,3,3,,3,2,2.02,17.69,1.84,0,14,22
608,2012,3,3,,14,7,2.44,18.79,1.57,0,19,24
609,2012,3,4,,15,16,1.45,19.79,2.81,-1,17,16
610,2012,3,4,,9,5,1.67,18.9,2.23,0,20,26
611,2012,3,5,,1,4,1.79,19.29,2.05,0,20,24
612,2012,3,9,,8,6,1.46,20.79,2.72,0,26,28
613,2012,3,9,,5,15,1.99,20.08,1.84,0,22,18
614,2012,3,10,,2,12,2.4,20.13,1.58,0,30,4
615,2012,3,10,,10,14,1.7,19.99,2.17,0,12,24
616,2012,3,11,,7,1,1.43,21.49,2.84,0,24,10
617,2012,3,11,,4,3,1.52,20.1,2.49,0,0,18
618,2012,3,11,,16,11,2.14,19.62,1.72,0,6,18
619,2012,3,12,,13,9,2.42,20.36,1.56,0,20,36
620,2012,3,16,,11,8,1.92,19.13,1.9,0,10,24
621,2012,3,16,,12,15,1.83,19.19,1.99,0,36,12
622,2012,3,17,,6,13,1.34,22.5,3.26,0,42,6
623,2012,3,17,,10,7,3.01,22.63,1.38,0,6,30
624,2012,3,18,,3,1,1.82,19.79,1.97,0,24,40
625,2012,3,18,,4,14,1.83,19.14,1.97,0,14,8
626,2012,3,18,,9,2,1.49,19.5,2.58,0,18,32
627,2012,3,19,,16,5,2.75,21.44,1.44,0,17,14
628,2012,3,23,,1,8,2.1,18.45,1.74,0,12,20
629,2012,3,23,,13,3,2.08,18.2,1.77,0,6,39
630,2012,3,24,,6,16,1.42,20.5,2.87,0,14,20
631,2012,3,24,,12,5,1.69,19.56,2.18,0,17,6
632,2012,3,24,,9,10,1.21,24.75,4.35,0,26,6
633,2012,3,25,,2,11,1.45,21.33,2.75,0,6,20
634,2012,3,25,,7,4,1.2,25.38,4.38,0,44,4
635,2012,3,26,,15,14,1.4,21.13,2.99,0,16,30
636,2012,3,30,,8,12,1.55,19.3,2.43,0,28,20
637,2012,3,30,,7,11,1.34,20.2,3.22,0,34,22
638,2012,3,31,,4,9,3.42,21.4,1.3,0,26,8
639,2012,3,31,,13,5,2.69,20,1.45,0,29,20
640,2012,3,31,,3,16,1.72,18.5,2.1,0,14,15
641,2012,4,1,,15,1,2.45,19.5,1.53,0,16,17
642,2012,4,1,,10,2,2.66,20,1.46,0,20,30
643,2012,4,2,,14,6,1.6,20.06,2.33,0,6,22
644,2012,4,6,,15,8,2.45,19.44,1.55,0,14,18
645,2012,4,6,,1,2,2.19,18.67,1.68,0,20,10
646,2012,4,7,,16,12,2.19,19.39,1.67,0,12,0
647,2012,4,7,,10,4,2.11,18.67,1.73,0,12,18
648,2012,4,8,,6,7,2.38,20.19,1.58,0,18,42
649,2012,4,8,,11,13,1.43,20.67,2.83,0,14,6
650,2012,4,8,,14,9,2.14,19.11,1.71,0,32,12
651,2012,4,9,,5,3,1.43,20.89,2.79,0,30,0
652,2012,4,13,,8,14,1.33,21.63,3.3,0,30,6
653,2012,4,13,,12,11,1.56,19.83,2.44,0,12,4
654,2012,4,14,,5,10,1.19,23.44,4.62,0,14,26
655,2012,4,14,,4,6,2.25,19.33,1.66,0,12,50
656,2012,4,14,,7,2,1.25,23.13,3.84,0,12,6
657,2012,4,15,,3,15,2.44,19.44,1.57,0,0,30
658,2012,4,15,,16,13,1.44,21.22,2.76,0,24,18
659,2012,4,15,,9,1,1.56,19.83,2.42,0,44,22
660,2012,4,25,,7,9,1.33,21.88,3.29,0,32,14
661,2012,4,25,,12,4,1.39,21.69,2.98,0,28,24
662,2012,4,27,,8,10,1.2,23.25,4.48,0,26,6
663,2012,4,27,,2,5,2.02,18.5,1.82,0,10,12
664,2012,4,28,,1,6,1.94,16.94,1.89,0,20,16
665,2012,4,29,,13,15,2.77,20.88,1.45,0,30,31
666,2012,4,29,,14,16,1.93,16.94,1.9,0,22,44
667,2012,4,30,,11,3,1.31,21,3.33,0,34,14
668,2012,5,4,,6,12,1.61,19.38,2.33,0,30,6
669,2012,5,4,,13,2,2.75,20.38,1.45,0,12,46
670,2012,5,5,,10,15,3.47,21.75,1.31,-1,14,15
671,2012,5,5,,3,7,5.72,27.06,1.13,0,10,44
672,2012,5,5,,9,8,2.2,18.94,1.67,0,30,20
673,2012,5,6,,4,11,1.58,20.44,2.38,0,24,6
674,2012,5,6,,5,14,1.19,25.31,4.54,0,18,12
675,2012,5,7,,1,16,1.77,18.59,2.06,0,34,28
676,2012,5,11,,2,10,1.3,22.57,3.53,0,14,25
677,2012,5,11,,8,5,1.97,18.64,1.85,0,22,24
678,2012,5,12,,11,6,2.3,19.71,1.61,0,12,32
679,2012,5,12,,9,4,1.35,21.64,3.22,0,30,26
680,2012,5,13,,16,7,3.71,23.71,1.27,0,12,10
681,2012,5,13,,14,13,1.4,21.71,2.97,0,40,34
682,2012,5,14,,3,12,3.24,22.43,1.34,-1,13,12
683,2012,5,18,,15,9,1.96,17.56,1.87,0,24,22
684,2012,5,19,,6,3,1.44,20.75,2.79,0,30,28
685,2012,5,20,,12,1,1.98,17.81,1.85,-1,18,19
686,2012,5,20,,5,4,1.45,20.06,2.78,0,18,10
687,2012,5,21,,2,16,1.42,20.36,2.9,0,26,6
688,2012,5,25,,7,8,1.42,20.75,2.91,0,34,10
689,2012,5,25,,1,14,1.24,23,4.05,0,36,18
690,2012,5,26,,12,13,1.39,21.25,3.04,0,14,12
691,2012,5,26,,11,10,1.51,19.75,2.57,0,14,24
692,2012,5,27,,15,6,1.61,19.25,2.34,0,26,18
693,2012,5,27,,3,5,3.02,21.25,1.39,0,22,4
694,2012,5,28,,4,2,2.4,19.5,1.58,0,12,30
695,2012,6,1,,10,6,2.22,19.44,1.67,0,28,12
696,2012,6,1,,5,12,1.44,21.13,2.79,0,20,8
697,2012,6,2,,2,1,2.01,18.94,1.8,0,23,18
698,2012,6,2,,14,15,2.73,21.06,1.46,0,0,40
699,2012,6,3,,8,11,1.17,25.25,4.91,0,50,24
700,2012,6,3,,9,7,2.43,20.06,1.56,0,12,22
701,2012,6,4,,13,16,2.71,20.44,1.47,0,29,20
702,2012,6,8,,7,15,2.77,20.57,1.45,0,6,10
703,2012,6,9,,11,14,1.54,19.75,2.5,0,16,32
704,2012,6,10,,4,8,1.65,20.21,2.25,0,22,40
705,2012,6,10,,16,10,1.61,19.14,2.33,0,22,12
706,2012,6,11,,3,9,2.82,20.33,1.44,0,16,30
707,2012,6,15,,6,8,1.72,18.89,2.15,0,12,0
708,2012,6,15,,12,2,2.27,19.86,1.64,0,20,28
709,2012,6,16,,13,1,2.62,20.75,1.49,0,6,24
710,2012,6,16,,16,9,2.31,19.81,1.63,0,20,19
711,2012,6,17,,15,4,1.37,22.06,3.05,0,28,42
712,2012,6,17,,10,3,1.49,20.5,2.62,0,36,18
713,2012,6,18,,5,7,1.58,19.94,2.39,0,22,26
714,2012,6,22,,8,1,1.44,20.88,2.79,0,26,12
715,2012,6,22,,12,10,1.45,20.75,2.78,0,8,6
716,2012,6,23,,3,13,1.67,18.81,2.21,-1,18,19
717,2012,6,23,,6,14,1.25,23.5,3.88,0,40,18
718,2012,6,24,,4,5,2.57,20.06,1.51,0,14,52
719,2012,6,24,,2,7,2.21,19.31,1.68,0,20,4
720,2012,6,25,,11,15,2.79,20.75,1.44,0,38,20
721,2012,6,29,,8,16,1.56,19.31,2.43,0,12,26
722,2012,6,30,,13,11,2.09,19.25,1.75,0,12,20
723,2012,7,1,,1,3,1.19,23.38,4.64,0,38,12
724,2012,7,1,,9,6,1.17,24.86,4.86,0,35,18
725,2012,7,2,,14,12,2.37,19.94,1.59,0,22,18
726,2012,7,6,,15,2,2.77,20.75,1.45,0,20,32
727,2012,7,7,,10,9,2.69,20.57,1.47,0,14,32
728,2012,7,7,,7,14,1.21,23.13,4.4,0,12,40
729,2012,7,8,,5,13,1.13,28,5.57,0,40,24
730,2012,7,8,,1,11,1.25,23.63,3.92,0,34,14
731,2012,7,9,,16,4,1.5,20.81,2.61,-1,14,14
732,2012,7,13,,8,9,1.44,20.86,2.79,0,10,8
733,2012,7,13,,2,13,1.11,29.64,6.54,0,32,12
734,2012,7,14,,15,3,1.25,23,3.94,0,26,18
735,2012,7,14,,7,6,1.45,20.71,2.77,0,16,20
736,2012,7,14,,11,5,3.13,21.07,1.37,0,32,6
737,2012,7,15,,12,16,1.63,19.5,2.29,0,18,10
738,2012,7,15,,14,10,1.48,20.83,2.66,0,26,38
739,2012,7,16,,4,1,3.61,21.93,1.29,0,22,24
740,2012,7,20,,10,8,2.76,20.29,1.46,0,14,10
741,2012,7,20,,5,2,1.71,19,2.15,0,12,20
742,2012,7,21,,13,7,3.71,23.14,1.28,0,16,10
743,2012,7,21,,1,12,1.58,19.64,2.39,0,36,14
744,2012,7,21,,9,11,1.25,23,3.88,0,19,24
745,2012,7,22,,3,4,1.76,19.07,2.09,0,28,16
746,2012,7,22,,16,14,1.46,20.5,2.76,0,4,36
747,2012,7,23,,6,15,1.59,19.5,2.38,0,29,16
748,2012,7,27,,12,7,2.82,19.83,1.43,0,26,18
749,2012,7,27,,4,10,2.22,18.5,1.66,0,16,36
750,2012,7,28,,16,3,1.58,19.57,2.44,-1,20,21
751,2012,7,28,,5,9,1.47,20.5,2.68,0,24,22
752,2012,7,28,,2,6,1.58,20.36,2.4,0,32,18
753,2012,7,29,,1,15,1.31,22,3.51,0,32,6
754,2012,7,29,,14,11,1.6,20.17,2.37,0,6,36
755,2012,7,30,,8,13,1.28,22.43,3.74,0,22,42
756,2012,8,3,,4,12,2.49,20,1.54,0,26,10
757,2012,8,4,,6,5,1.72,18.94,2.13,0,6,8
758,2012,8,4,,11,2,2.41,19.56,1.58,0,10,26
759,2012,8,4,,7,3,1.24,23.38,4.07,0,46,6
760,2012,8,5,,10,1,2.2,20.06,1.68,0,18,22
761,2012,8,5,,14,8,2.22,19.56,1.66,0,28,12
762,2012,8,5,,9,16,1.47,20.5,2.7,0,4,45
763,2012,8,6,,15,13,1.53,21,2.53,0,51,26
764,2012,8,10,,7,10,1.32,22.75,3.41,0,24,16
765,2012,8,10,,1,5,1.85,18.69,1.98,0,6,23
766,2012,8,11,,6,9,1.34,22.69,3.26,0,52,12
767,2012,8,11,,15,12,1.57,20.63,2.41,0,22,12
768,2012,8,11,,13,4,1.98,18.75,1.84,0,36,22
769,2012,8,12,,2,8,1.31,22.5,3.5,0,22,14
770,2012,8,12,,3,14,2.04,18.86,1.79,0,10,20
771,2012,8,13,,11,16,1.76,19.19,2.07,0,26,4
772,2012,8,17,,8,7,2.38,20.29,1.59,0,18,19
773,2012,8,17,,2,15,1.43,20.86,2.86,-1,23,22
774,2012,8,18,,16,1,2.71,20.71,1.47,0,20,7
775,2012,8,18,,14,4,1.39,21.14,3.01,0,24,20
776,2012,8,19,,5,11,1.36,21.28,3.18,0,42,20
777,2012,8,19,,10,13,1.39,21.43,3.03,0,24,16
778,2012,8,19,,9,3,1.36,21.86,3.16,0,16,18
779,2012,8,20,,12,6,2.39,20.57,1.58,0,22,32
780,2012,8,24,,14,2,2.5,20.17,1.53,0,34,6
781,2012,8,24,,5,8,1.45,20.67,2.76,0,16,6
782,2012,8,25,,6,11,1.31,22.67,3.4,0,22,14
783,2012,8,25,,12,9,1.48,20.67,2.61,0,38,6
784,2012,8,25,,3,10,2.4,19.08,1.57,0,36,22
785,2012,8,26,,1,13,1.16,25.67,5,0,38,6
786,2012,8,26,,4,15,2.48,20.17,1.54,0,44,20
787,2012,8,27,,7,16,1.35,21.83,3.17,0,20,18
788,2012,8,31,,8,3,1.19,24.22,4.54,0,19,12
789,2012,8,31,,11,1,2.36,19.89,1.59,0,6,18
790,2012,9,1,,2,4,1.16,25,5.12,0,42,10
791,2012,9,1,,15,7,2.39,19.06,1.6,0,6,26
792,2012,9,1,,10,5,4.26,22.33,1.22,0,16,24
793,2012,9,2,,13,12,2,18.06,1.83,0,8,29
794,2012,9,2,,16,6,1.51,19.06,2.59,0,22,36
795,2012,9,2,,9,14,2.38,19.61,1.59,0,22,42
796,2012,9,7,,2,5,2.09,18.35,1.77,0,16,10
797,2012,9,8,,6,8,1.41,20.45,2.92,0,33,16
798,2012,9,8,,7,1,1.62,19.15,2.33,0,24,6
799,2012,9,9,,14,16,1.64,19.05,2.28,0,34,16
800,2012,9,14,,5,6,1.87,18.09,1.96,0,22,12
801,2012,9,15,,1,14,1.4,20.76,2.99,0,38,16
802,2012,9,21,,7,5,1.61,18.82,2.35,0,40,12
803,2012,9,22,,2,1,1.46,20.58,2.76,0,32,8
804,2012,9,30,,2,7,2.07,18.46,1.79,0,4,14
805,2013,3,7,,4,1,2.33,18.17,1.61,0,10,28
806,2013,3,8,,8,5,1.58,17.33,2.44,0,14,22
807,2013,3,9,,2,6,2.09,17.67,1.78,0,12,24
808,2013,3,9,,13,9,1.78,17.83,2.07,0,40,10
809,2013,3,10,,16,10,1.54,22,2.62,0,12,10
810,2013,3,10,,7,12,1.23,21.83,4.2,0,30,10
811,2013,3,10,,3,14,1.94,17.5,1.9,0,32,10
812,2013,3,11,,11,15,1.47,19,2.69,0,42,10
813,2013,3,14,,13,2,2.28,19.14,1.64,0,16,20
814,2013,3,15,,12,8,2.14,18,1.73,0,6,22
815,2013,3,16,,6,7,1.86,17.71,1.98,0,10,32
816,2013,3,16,,9,4,2.22,18.86,1.68,0,14,16
817,2013,3,17,,5,11,1.69,18.83,2.22,0,32,0
818,2013,3,17,,15,3,1.68,19.43,2.21,0,28,18
819,2013,3,17,,10,14,1.43,22.67,2.83,0,36,0
820,2013,3,18,,1,16,1.29,21.86,3.63,0,14,12
821,2013,3,21,,7,2,1.22,21.67,4.32,0,22,18
822,2013,3,22,,15,13,1.72,17.83,2.16,0,31,18
823,2013,3,23,,4,8,1.47,19.83,2.71,0,8,0
824,2013,3,23,,10,5,2.32,19.4,1.61,0,16,14
825,2013,3,24,,14,12,1.61,19.67,2.35,0,30,17
826,2013,3,24,,3,1,4.24,21.33,1.22,0,32,44
827,2013,3,24,,16,9,1.39,20.83,3.03,0,28,4
828,2013,3,25,,11,6,2.3,18,1.65,0,34,6
829,2013,3,28,,5,15,1.38,19.2,3.15,0,26,0
830,2013,3,29,,8,7,3.26,21.4,1.36,0,26,32
831,2013,3,29,,2,1,2,18.2,1.83,0,12,17
832,2013,3,30,,16,12,1.33,21.33,3.37,0,12,25
833,2013,3,31,,11,14,1.36,20.2,3.12,0,28,12
834,2013,3,31,,3,10,2.27,18.6,1.65,0,10,28
835,2013,4,1,,4,13,1.37,20,3.13,0,50,0
836,2013,4,1,,9,6,2.79,19.4,1.45,0,20,18
837,2013,4,5,,10,8,1.56,20,2.41,0,12,32
838,2013,4,5,,2,5,2.05,17.67,1.8,0,6,20
839,2013,4,6,,6,3,1.21,25,4.44,0,30,0
840,2013,4,6,,13,16,2.51,19.67,1.55,0,13,6
841,2013,4,7,,14,4,2.81,19.67,1.46,0,24,22
842,2013,4,7,,12,11,2.25,18.67,1.66,0,19,16
843,2013,4,7,,9,1,3.18,22,1.36,0,22,24
844,2013,4,8,,7,15,1.15,26.5,5.37,0,26,12
845,2013,4,12,,8,6,1.8,17.83,2.07,0,12,10
846,2013,4,12,,4,2,1.62,19.67,2.32,0,38,0
847,2013,4,13,,14,9,1.49,19.67,2.69,0,20,16
848,2013,4,13,,1,7,1.84,18.17,2,0,10,17
849,2013,4,13,,11,3,1.15,25.83,5.23,0,8,6
850,2013,4,14,,10,13,1.63,19,2.32,0,28,22
851,2013,4,14,,15,12,2.5,19.83,1.55,0,12,13
852,2013,4,14,,5,16,1.19,24.17,4.66,0,25,18
853,2013,4,25,,7,9,1.15,26,5.34,0,28,18
854,2013,4,25,,4,12,1.32,20.4,3.43,0,34,10
855,2013,4,26,,5,1,1.61,19.33,2.33,0,12,20
856,2013,4,27,,15,8,2.67,20.17,1.47,0,10,20
857,2013,4,27,,6,14,1.25,22.33,3.92,0,30,12
858,2013,4,28,,16,2,2.04,18,1.8,0,8,24
859,2013,4,28,,10,11,1.63,18.83,2.31,0,6,30
860,2013,4,29,,3,13,2.21,18.17,1.69,0,44,12
861,2013,5,3,,8,1,2.71,18.83,1.47,0,12,26
862,2013,5,3,,2,15,1.17,24.83,5,0,40,4
863,2013,5,4,,13,6,2.92,20.83,1.41,0,10,14
864,2013,5,4,,7,14,1.13,28.5,5.76,0,20,24
865,2013,5,5,,4,3,1.12,27.5,5.97,0,30,6
866,2013,5,5,,11,16,1.32,21.67,3.48,-1,20,21
867,2013,5,5,,9,10,1.48,19.83,2.68,0,25,24
868,2013,5,6,,12,5,2.64,19.33,1.49,0,18,24
869,2013,5,10,,1,6,1.29,21.67,3.67,0,28,10
870,2013,5,10,,15,16,2.65,20,1.49,0,6,30
871,2013,5,11,,13,8,2.72,20.08,1.47,0,19,18
872,2013,5,11,,9,2,2.52,20,1.54,0,16,24
873,2013,5,12,,3,7,5.24,25.8,1.15,0,12,10
874,2013,5,12,,10,12,1.49,20,2.67,0,15,14
875,2013,5,12,,14,11,1.57,20.33,2.4,0,44,14
876,2013,5,13,,5,4,2.11,19,1.75,0,4,16
877,2013,5,17,,8,10,1.7,19.33,2.17,0,32,6
878,2013,5,17,,1,15,1.06,30.67,8.63,0,54,10
879,2013,5,18,,6,4,2.06,18.43,1.78,0,8,12
880,2013,5,18,,3,9,1.73,19.17,2.13,0,62,6
881,2013,5,18,,12,13,1.41,22.11,2.87,0,32,12
882,2013,5,19,,11,2,2.29,19,1.64,0,44,8
883,2013,5,19,,16,14,1.77,18.6,2.09,0,30,20
884,2013,5,20,,7,5,1.38,20,3.07,-1,10,10
885,2013,5,24,,2,8,1.53,20.39,2.53,0,24,14
886,2013,5,24,,15,6,3.33,21.82,1.33,0,22,20
887,2013,5,25,,5,14,1.41,20.96,2.85,0,16,10
888,2013,5,25,,4,7,1.59,19.29,2.38,0,18,26
889,2013,5,25,,12,3,1.41,20.96,2.91,0,0,19
890,2013,5,26,,13,10,2.16,19.25,1.72,0,4,42
891,2013,5,26,,9,11,2.27,18.96,1.65,0,28,12
892,2013,5,27,,16,1,3.46,21.39,1.31,0,14,12
893,2013,5,31,,2,12,1.37,20.42,3.13,0,16,14
894,2013,6,1,,1,11,1.4,20.42,3.03,0,25,18
895,2013,6,2,,10,6,1.28,21.08,3.69,0,31,12
896,2013,6,3,,8,9,1.91,17.53,1.91,0,18,56
897,2013,6,7,,13,4,5.16,23.19,1.17,0,24,38
898,2013,6,8,,6,2,3.02,19,1.4,0,26,36
899,2013,6,8,,11,12,1.39,20.75,3.02,0,8,14
900,2013,6,9,,7,16,1.34,21.42,3.28,0,38,6
901,2013,6,9,,3,15,1.24,22.64,4.06,0,18,20
902,2013,6,9,,9,5,2.22,18.75,1.68,0,18,16
903,2013,6,10,,14,8,1.37,20.97,3.11,0,30,18
904,2013,6,14,,5,2,1.69,18,2.24,-1,30,32
905,2013,6,14,,12,6,1.51,19.4,2.61,0,16,22
906,2013,6,15,,16,13,1.15,26.45,5.37,0,32,14
907,2013,6,15,,14,3,1.24,21.58,4.18,0,24,12
908,2013,6,16,,4,9,1.27,22.18,3.81,0,12,23
909,2013,6,16,,7,11,1.19,25.25,4.77,0,16,14
910,2013,6,16,,1,10,1.32,21.48,3.44,0,30,24
911,2013,6,17,,8,15,1.28,21.88,3.77,0,32,12
912,2013,6,21,,2,4,1.32,21.68,3.5,0,18,20
913,2013,6,22,,15,14,2.96,21.84,1.41,0,17,12
914,2013,6,23,,13,1,3.76,22.48,1.28,0,10,30
915,2013,6,24,,10,7,1.36,21.28,3.2,0,18,12
916,2013,6,28,,1,14,1.22,25.22,4.31,0,32,2
917,2013,6,29,,3,12,1.65,20.44,2.3,0,25,10
918,2013,6,29,,15,7,2.63,20.56,1.51,0,22,4
919,2013,6,30,,6,16,1.47,21.56,2.72,0,24,4
920,2013,6,30,,9,8,1.35,23.44,3.23,0,18,16
921,2013,6,30,,11,10,1.57,21.44,2.44,0,46,16
922,2013,7,1,,4,5,1.68,20,2.23,0,18,12
923,2013,7,5,,16,15,1.51,20.2,2.63,0,36,22
924,2013,7,5,,7,8,1.28,23.28,3.73,0,32,0
925,2013,7,6,,10,3,1.8,19.19,2.03,0,18,40
926,2013,7,6,,12,4,4.33,24.56,1.22,0,0,36
927,2013,7,7,,1,9,1.3,23.48,3.62,0,30,13
928,2013,7,7,,2,11,1.5,20.4,2.64,0,12,18
929,2013,7,7,,14,6,1.62,20.28,2.34,0,26,18
930,2013,7,8,,5,13,1.11,29.45,6.62,0,50,10
931,2013,7,12,,8,16,2.31,20,1.64,0,18,19
932,2013,7,13,,13,3,3.9,22.38,1.27,0,10,17
933,2013,7,14,,2,7,1.23,24.89,4.16,0,39,0
934,2013,7,15,,6,5,3.11,21.89,1.38,0,14,34
935,2013,7,19,,15,9,2.3,18.63,1.64,0,14,24
936,2013,7,20,,4,16,1.23,22.63,4.26,0,40,0
937,2013,7,20,,14,13,1.1,28.5,7,0,14,0
938,2013,7,21,,5,10,1.13,28.56,5.87,0,38,20
939,2013,7,21,,3,11,1.99,19.28,1.85,0,14,32
940,2013,7,22,,1,12,1.12,29.44,6.23,-1,18,22
941,2013,7,26,,2,13,1.07,31.67,8.88,0,40,12
942,2013,7,26,,6,8,1.47,20.33,2.74,0,16,18
943,2013,7,27,,10,1,3.07,21.44,1.38,0,4,32
944,2013,7,27,,12,14,2.1,19.44,1.77,0,18,22
945,2013,7,28,,11,4,2.74,21.25,1.47,0,12,28
946,2013,7,28,,16,3,1.49,20.67,2.66,0,38,10
947,2013,7,28,,9,7,2.13,19.44,1.74,0,30,22
948,2013,7,29,,15,5,4.6,25.5,1.2,0,18,36
949,2013,8,2,,11,8,1.53,20.88,2.54,-1,18,18
950,2013,8,2,,3,4,4.73,24.9,1.19,0,6,42
951,2013,8,3,,6,1,3.26,21.78,1.35,0,30,12
952,2013,8,3,,13,5,7.88,33.78,1.08,0,6,40
953,2013,8,3,,9,16,1.39,23.1,3.02,0,14,18
954,2013,8,4,,10,15,1.63,20.22,2.34,0,36,6
955,2013,8,4,,14,7,2.4,20.22,1.59,0,4,68
956,2013,8,5,,12,2,2.78,21.08,1.45,0,20,39
957,2013,8,9,,7,1,1.33,23.11,3.42,0,26,8
958,2013,8,9,,13,15,1.61,20.44,2.36,0,26,22
959,2013,8,10,,16,11,1.51,20.11,2.64,0,14,18
960,2013,8,10,,4,14,1.17,27.44,5.04,0,28,22
961,2013,8,11,,3,6,2.63,20.89,1.51,0,4,36
962,2013,8,11,,8,12,1.31,23.33,3.5,0,26,24
963,2013,8,11,,5,9,1.37,23.11,3.1,0,27,12
964,2013,8,12,,2,10,1.14,28.11,5.51,0,16,26
965,2013,8,16,,8,13,1.16,26.98,5.24,0,22,12
966,2013,8,16,,1,5,2.04,18.48,1.82,0,22,10
967,2013,8,17,,12,16,3.97,22.6,1.25,0,18,22
968,2013,8,17,,6,10,1.31,22.23,3.47,0,22,10
969,2013,8,17,,14,2,1.86,18.73,1.99,0,16,28
970,2013,8,18,,11,7,2.68,20.13,1.49,0,10,23
971,2013,8,18,,9,3,1.14,26.28,5.36,0,24,28
972,2013,8,19,,15,4,9.9,36.05,1.05,0,14,56
973,2013,8,23,,3,8,2.1,20,1.76,0,28,12
974,2013,8,23,,1,2,1.36,22.11,3.27,0,28,20
975,2013,8,24,,6,11,1.57,20.36,2.47,0,26,6
976,2013,8,24,,10,9,1.97,19.43,1.88,0,22,24
977,2013,8,24,,12,15,1.42,20.73,2.9,0,18,34
978,2013,8,25,,7,13,1.03,40.83,13.2,0,64,4
979,2013,8,25,,14,5,2.88,20.58,1.43,0,22,36
980,2013,8,26,,16,4,3.12,20.83,1.38,0,32,2
981,2013,8,30,,8,11,1.7,19.59,2.17,0,18,26
982,2013,8,30,,15,1,10.41,36.23,1.04,0,18,32
983,2013,8,31,,5,7,2.24,19.2,1.67,0,28,8
984,2013,8,31,,2,3,1.42,20.84,2.95,0,34,14
985,2013,8,31,,9,14,1.3,22.02,3.6,0,50,16
986,2013,9,1,,4,10,1.04,38.77,10.77,0,22,30
987,2013,9,1,,16,6,1.69,20.57,2.24,0,18,31
988,2013,9,2,,13,12,2.22,18.86,1.69,0,26,22
989,2013,9,5,,8,2,2.69,21.28,1.48,0,16,11
990,2013,9,6,,1,4,1.51,20.65,2.61,0,12,24
991,2013,9,7,,6,15,1.14,30.38,5.5,0,50,22
992,2013,9,7,,7,10,1.12,29.83,6.12,-1,23,22
993,2013,9,7,,12,9,3.8,23.03,1.28,0,19,10
994,2013,9,8,,14,16,1.45,20.57,2.79,0,18,38
995,2013,9,8,,11,13,1.08,34.53,7.61,0,54,6
996,2013,9,8,,5,3,1.24,27.08,4.01,0,26,38
997,2013,9,13,,1,7,1.88,18.2,1.96,0,20,10
998,2013,9,14,,4,5,1.73,18.66,2.15,0,4,0
999,2013,9,14,,16,6,1.77,19.02,2.07,0,20,18
1000,2013,9,15,,2,11,1.62,20.48,2.34,0,6,22
1001,2013,9,20,,5,16,1.3,22.44,3.66,0,24,18
1002,2013,9,21,,7,11,1.35,22.31,3.28,0,16,18
1003,2013,9,27,,1,5,1.43,20.65,2.85,0,20,30
1004,2013,9,28,,4,11,1.36,20.52,3.23,0,40,14
1005,2013,10,6,,4,5,1.64,19.48,2.31,0,26,18
1006,2014,3,6,,1,4,2.23,19.18,1.66,0,28,8
1007,2014,3,7,,2,8,1.59,19.28,2.39,0,12,18
1008,2014,3,8,,6,14,1.28,22,3.69,0,28,22
1009,2014,3,8,,5,7,1.48,19.88,2.66,-1,22,23
1010,2014,3,8,,3,11,1.8,18.33,2.05,0,30,8
1011,2014,3,9,,13,9,2.41,19.38,1.58,0,36,16
1012,2014,3,9,,12,15,1.77,18.83,2.05,0,44,24
1013,2014,3,10,,16,10,1.75,19.23,2.1,0,12,18
1014,2014,3,14,,8,6,2.12,18.25,1.73,0,16,12
1015,2014,3,14,,5,1,2.94,20.7,1.41,0,14,12
1016,2014,3,15,,4,13,1.25,23.7,3.99,0,56,4
1017,2014,3,15,,7,3,1.29,22.48,3.55,0,18,17
1018,2014,3,15,,9,12,1.33,21.78,3.4,0,12,31
1019,2014,3,16,,11,14,1.56,20.7,2.45,0,20,26
1020,2014,3,16,,10,15,1.28,22.88,3.65,0,12,42
1021,2014,3,17,,2,16,1.23,22.72,4.14,0,42,4
1022,2014,3,21,,8,4,2.69,19.92,1.46,0,26,30
1023,2014,3,21,,15,1,4.35,25.31,1.2,0,25,16
1024,2014,3,22,,6,9,1.34,21.36,3.16,0,16,20
1025,2014,3,22,,16,12,2.5,19.58,1.53,0,12,14
1026,2014,3,22,,3,2,1.6,19.47,2.35,0,18,16
1027,2014,3,23,,14,10,1.43,19.64,2.82,0,12,24
1028,2014,3,23,,5,13,1.18,24.75,4.55,0,22,18
1029,2014,3,24,,7,11,1.24,21.31,3.98,0,28,20
1030,2014,3,28,,12,8,1.76,18.58,2.09,0,20,36
1031,2014,3,28,,4,5,1.45,20.48,2.77,0,0,8
1032,2014,3,29,,2,7,2.55,20.38,1.52,0,40,12
1033,2014,3,29,,13,3,2.13,18.68,1.73,0,32,16
1034,2014,3,29,,9,15,1.47,19.69,2.69,0,42,18
1035,2014,3,30,,11,16,1.42,21.25,2.87,0,30,0
1036,2014,3,30,,1,14,1.29,21.32,3.64,0,18,30
1037,2014,3,31,,10,6,2.37,20.25,1.6,0,13,12
1038,2014,4,4,,8,13,1.35,21.53,3.16,0,18,25
1039,2014,4,4,,4,2,1.39,21.35,3,0,8,9
1040,2014,4,5,,12,1,2.3,19.08,1.62,0,6,26
1041,2014,4,5,,3,14,1.46,19.89,2.7,0,12,6
1042,2014,4,5,,16,9,2.33,20.15,1.61,0,37,6
1043,2014,4,6,,15,5,2.59,19.84,1.5,0,34,18
1044,2014,4,6,,7,10,1.25,22.42,3.86,0,26,28
1045,2014,4,7,,6,11,1.46,20.28,2.73,0,28,2
1046,2014,4,11,,10,8,2.09,18.03,1.74,0,12,8
1047,2014,4,11,,3,1,2.25,19.03,1.64,0,2,18
1048,2014,4,12,,15,6,2.08,18.25,1.75,0,16,4
1049,2014,4,12,,13,4,2.82,20.03,1.43,0,14,12
1050,2014,4,12,,14,11,1.63,18.89,2.28,0,12,26
1051,2014,4,13,,5,16,1.24,22.69,3.98,0,24,4
1052,2014,4,13,,9,2,2.02,17.81,1.8,0,20,21
1053,2014,4,14,,7,12,1.32,22.47,3.27,0,28,24
1054,2014,4,18,,5,6,1.44,21.45,2.78,0,26,21
1055,2014,4,18,,11,8,1.62,19.8,2.3,0,6,32
1056,2014,4,18,,1,2,1.79,17.73,2.06,0,14,15
1057,2014,4,19,,16,4,3.05,21.15,1.37,0,18,24
1058,2014,4,19,,12,9,1.55,20.3,2.46,0,20,10
1059,2014,4,20,,14,7,2.25,19.63,1.64,0,24,22
1060,2014,4,21,,3,10,1.63,20.13,2.29,0,14,12
1061,2014,4,21,,13,15,1.43,21.03,2.81,0,18,21
1062,2014,4,25,,8,1,2.01,18.03,1.84,0,26,28
1063,2014,4,25,,7,9,1.37,21.33,3.1,0,10,16
1064,2014,4,25,,12,4,2.86,19.93,1.43,0,14,34
1065,2014,4,26,,2,11,1.4,20.4,2.94,0,16,12
1066,2014,4,26,,6,13,1.47,20.63,2.73,0,42,14
1067,2014,4,26,,16,3,1.74,18.75,2.11,0,24,20
1068,2014,4,27,,15,10,1.77,18.93,2.06,0,6,22
1069,2014,4,27,,5,14,1.42,20.13,2.86,0,54,18
1070,2014,5,9,,6,8,1.74,18.25,2.1,0,27,14
1071,2014,5,9,,4,15,1.18,24.33,4.77,0,30,6
1072,2014,5,10,,7,5,1.5,20.03,2.62,0,22,19
1073,2014,5,10,,10,1,2.53,19.73,1.53,0,18,40
1074,2014,5,10,,9,14,1.45,20.13,2.73,0,54,12
1075,2014,5,11,,12,2,2.74,20.2,1.45,0,6,38
1076,2014,5,11,,11,3,1.59,19.4,2.36,0,10,32
1077,2014,5,12,,13,16,1.58,19.83,2.41,0,42,24
1078,2014,5,16,,8,10,1.31,20.23,3.55,0,22,8
1079,2014,5,16,,1,7,1.45,19.73,2.81,0,14,27
1080,2014,5,17,,6,4,2,18.05,1.84,0,42,10
1081,2014,5,17,,16,15,1.74,18.68,2.12,0,20,22
1082,2014,5,17,,13,12,1.54,19.93,2.5,0,36,0
1083,2014,5,18,,14,3,2.22,19.05,1.67,0,20,26
1084,2014,5,18,,2,9,1.73,18.81,2.14,0,16,12
1085,2014,5,19,,5,11,1.22,22.18,4.28,0,15,14
1086,2014,5,23,,2,4,2.88,20.63,1.42,0,12,32
1087,2014,5,24,,15,8,2.09,18.33,1.75,0,14,16
1088,2014,5,24,,10,9,3.52,21.53,1.3,0,16,24
1089,2014,5,25,,14,6,1.45,20.83,2.72,0,42,12
1090,2014,5,26,,16,1,3.69,22.14,1.28,0,0,18
1091,2014,5,30,,3,13,1.45,20.78,2.75,0,38,12
1092,2014,5,31,,6,7,1.18,23.57,4.89,0,22,0
1093,2014,5,31,,4,14,1.16,25.15,5.04,0,26,12
1094,2014,6,1,,8,5,1.83,18.63,2,0,36,10
1095,2014,6,1,,9,11,1.35,21.53,3.2,0,38,18
1096,2014,6,2,,1,12,1.17,25.19,4.89,0,29,10
1097,2014,6,6,,5,2,1.67,19.05,2.24,0,32,10
1098,2014,6,6,,13,6,2.05,19.35,1.78,0,18,16
1099,2014,6,7,,1,9,1.46,21.08,2.69,0,34,18
1100,2014,6,7,,12,16,1.38,21.08,3.02,0,30,0
1101,2014,6,7,,10,3,2.08,19.15,1.77,0,14,36
1102,2014,6,8,,7,4,4.01,23.13,1.24,0,12,32
1103,2014,6,8,,11,15,1.92,17.8,1.92,0,20,23
1104,2014,6,9,,14,8,2.37,20.23,1.58,0,4,28
1105,2014,6,13,,1,15,1.36,23.03,3.14,0,32,10
1106,2014,6,14,,4,11,1.14,25.03,5.55,0,29,12
1107,2014,6,14,,3,12,1.18,24.48,4.83,0,18,14
1108,2014,6,15,,2,13,1.51,20.33,2.55,0,12,22
1109,2014,6,16,,10,7,1.47,20.43,2.7,0,20,24
1110,2014,6,20,,14,2,2.35,19.8,1.6,0,14,22
1111,2014,6,21,,16,5,3.13,22.23,1.36,0,0,26
1112,2014,6,21,,9,8,1.41,20.15,2.88,0,19,10
1113,2014,6,22,,10,12,1.64,18.88,2.27,0,18,19
1114,2014,6,22,,7,13,1.6,19.4,2.36,0,46,20
1115,2014,6,23,,11,6,1.62,19.83,2.32,0,36,28
1116,2014,6,27,,8,16,1.21,23.4,4.3,0,22,24
1117,2014,6,27,,5,4,1.81,18.25,2.03,0,24,16
1118,2014,6,28,,6,1,2.76,20.33,1.45,0,20,18
1119,2014,6,28,,15,14,1.25,22.78,3.9,0,19,18
1120,2014,6,29,,13,11,1.45,20.23,2.75,0,10,16
1121,2014,6,29,,9,3,1.58,19.63,2.4,0,30,20
1122,2014,6,30,,12,7,2.57,19.93,1.51,0,24,12
1123,2014,7,4,,2,5,3.68,21.68,1.28,0,23,16
1124,2014,7,5,,4,16,1.04,35.5,9.83,0,28,30
1125,2014,7,5,,12,6,1.26,22.53,3.78,0,27,24
1126,2014,7,6,,15,3,3.11,21.85,1.37,0,10,26
1127,2014,7,7,,1,10,1.13,27.56,5.83,0,10,14
1128,2014,7,11,,5,15,1.22,22.73,4.24,0,40,8
1129,2014,7,12,,7,2,1.42,20.8,2.84,0,4,6
1130,2014,7,12,,9,13,1.23,22.75,4.14,0,48,0
1131,2014,7,13,,16,11,2,20.35,1.81,0,18,31
1132,2014,7,13,,10,14,1.59,20.68,2.33,0,20,36
1133,2014,7,14,,3,8,1.6,20.65,2.36,0,35,34
1134,2014,7,18,,16,6,2.43,20.03,1.56,0,18,36
1135,2014,7,18,,13,1,2.75,20.13,1.45,0,12,32
1136,2014,7,19,,8,9,1.91,19.8,1.9,0,28,22
1137,2014,7,19,,7,14,1.21,25.55,4.27,0,28,14
1138,2014,7,19,,4,3,1.27,23.68,3.66,0,32,12
1139,2014,7,20,,15,2,3.06,21.55,1.37,0,46,18
1140,2014,7,20,,11,10,1.23,22.23,4.22,0,8,22
1141,2014,7,21,,12,5,2.75,20.93,1.45,0,12,21
1142,2014,7,25,,8,7,1.82,19.4,2.02,0,8,30
1143,2014,7,25,,11,4,4.21,23.78,1.22,0,16,12
1144,2014,7,26,,2,6,1.55,20.43,2.46,0,12,20
1145,2014,7,26,,10,13,1.74,19.6,2.11,0,18,24
1146,2014,7,26,,3,16,1.27,22.13,3.67,0,16,18
1147,2014,7,27,,15,12,1.68,19.83,2.22,0,12,28
1148,2014,7,27,,9,5,2.15,19.53,1.72,0,12,22
1149,2014,7,28,,14,1,3.49,22.23,1.3,0,18,34
1150,2014,8,1,,2,3,1.44,21.08,2.8,0,16,22
1151,2014,8,1,,5,8,1.35,22.06,3.19,0,16,4
1152,2014,8,2,,4,12,1.36,22.28,3.11,0,30,22
1153,2014,8,2,,6,10,1.23,23.97,4.05,0,28,8
1154,2014,8,2,,16,13,2.12,20.22,1.73,0,12,32
1155,2014,8,3,,1,11,1.32,21.94,3.38,0,50,10
1156,2014,8,3,,14,9,2.3,20.97,1.62,0,18,54
1157,2014,8,4,,15,7,3.71,22.25,1.27,0,6,28
1158,2014,8,8,,8,2,1.81,19.69,2.02,0,41,10
1159,2014,8,8,,1,5,2,19.89,1.82,0,23,4
1160,2014,8,9,,13,14,1.22,25.25,4.23,0,18,10
1161,2014,8,9,,6,15,1.1,32.28,6.83,0,64,6
1162,2014,8,9,,11,7,4.25,23.92,1.22,0,32,30
1163,2014,8,10,,12,3,1.55,20.14,2.48,0,4,16
1164,2014,8,10,,9,16,1.14,28.89,5.55,0,16,12
1165,2014,8,11,,4,10,1.29,23.08,3.57,0,26,18
1166,2014,8,14,,1,8,1.35,23.06,3.21,0,42,16
1167,2014,8,15,,13,2,1.81,20.19,2.03,0,16,18
1168,2014,8,16,,15,4,4.32,26.06,1.21,0,4,48
1169,2014,8,16,,7,16,1.08,33.03,7.54,0,48,6
1170,2014,8,16,,14,12,2.22,20.89,1.67,0,16,34
1171,2014,8,17,,10,5,3.69,24.94,1.28,0,12,15
1172,2014,8,17,,11,9,2.35,21.53,1.61,0,28,22
1173,2014,8,18,,3,6,2,19.19,1.85,0,23,22
1174,2014,8,21,,2,15,1.15,28.78,5.36,0,30,10
1175,2014,8,22,,13,5,2.71,21.66,1.49,0,22,12
1176,2014,8,23,,1,6,1.36,22.36,3.21,0,10,22
1177,2014,8,23,,8,11,1.24,24.75,3.92,0,48,6
1178,2014,8,24,,12,10,1.34,21.89,3.27,0,34,6
1179,2014,8,24,,16,14,2.3,21.28,1.64,0,12,22
1180,2014,8,24,,9,4,2.16,21.53,1.71,0,12,46
1181,2014,8,25,,3,7,2.83,21.78,1.43,0,10,24
1182,2014,8,28,,2,1,3.43,22.48,1.32,0,14,21
1183,2014,8,29,,8,12,1.42,21.79,2.91,0,30,22
1184,2014,8,30,,4,7,1.55,20.96,2.5,0,24,12
1185,2014,8,30,,14,15,1.42,22.13,2.91,0,27,12
1186,2014,8,30,,11,13,2.37,20.56,1.61,0,42,12
1187,2014,8,31,,5,3,1.2,25,4.53,0,26,25
1188,2014,8,31,,9,10,1.13,28.21,5.85,0,42,0
1189,2014,9,1,,6,16,1.01,47.4,15.26,-1,20,19
1190,2014,9,4,,4,1,1.58,20.44,2.43,0,22,18
1191,2014,9,5,,7,8,1.33,22.21,3.37,0,22,12
1192,2014,9,6,,6,5,1.49,20.98,2.67,0,30,16
1193,2014,9,6,,14,13,2.82,21.67,1.43,0,33,20
1194,2014,9,6,,15,16,1.41,21.52,2.89,0,26,10
1195,2014,9,7,,3,9,1.74,20.04,2.11,0,22,6
1196,2014,9,7,,10,2,3.55,23.02,1.3,-1,19,18
1197,2014,9,7,,11,12,1.56,21,2.47,0,40,10
1198,2014,9,12,,5,1,2.85,21.67,1.43,0,24,40
1199,2014,9,13,,6,8,1.39,21.54,3.05,0,32,20
1200,2014,9,13,,4,3,1.26,24.63,3.79,0,18,19
1201,2014,9,14,,7,2,1.33,22.88,3.35,0,4,28
1202,2014,9,19,,4,6,1.43,21.71,2.84,0,31,30
1203,2014,9,20,,5,2,2.36,20.6,1.61,-1,17,18
1204,2014,9,26,,1,4,1.71,19.23,2.22,0,32,22
1205,2014,9,27,,3,2,2.06,18.9,1.79,0,12,18
1206,2014,10,5,,1,2,1.36,21.83,3.27,0,30,6
1207,2015,3,5,,8,1,2.29,21.57,1.66,0,6,36
1208,2015,3,6,,13,5,1.93,19.89,1.94,0,42,12
1209,2015,3,7,,6,4,1.73,21.17,2.17,0,4,28
1210,2015,3,7,,10,15,2.65,22.18,1.5,0,18,19
1211,2015,3,7,,11,9,1.74,19.79,2.17,0,24,14
1212,2015,3,8,,16,14,1.39,22.95,3.06,0,20,24
1213,2015,3,8,,3,2,2.02,20.37,1.85,0,24,18
1214,2015,3,9,,12,7,2.3,21.29,1.66,0,4,12
1215,2015,3,13,,16,8,1.91,22.06,1.93,0,2,10
1216,2015,3,13,,2,13,1.66,21.01,2.29,0,32,12
1217,2015,3,14,,6,11,1.37,22.94,3.22,0,14,16
1218,2015,3,14,,5,7,2.3,20.51,1.66,0,24,22
1219,2015,3,14,,3,10,1.22,25.77,4.41,0,40,0
1220,2015,3,15,,14,9,2.14,20.86,1.75,0,6,18
1221,2015,3,15,,1,4,1.75,20.38,2.14,0,34,26
1222,2015,3,16,,15,12,1.53,22.4,2.56,0,22,4
1223,2015,3,20,,8,6,1.99,19.89,1.89,0,44,22
1224,2015,3,20,,5,2,2.46,20.69,1.57,0,12,16
1225,2015,3,21,,7,16,1.3,23.93,3.63,0,36,18
1226,2015,3,21,,14,12,1.59,21.89,2.45,0,20,22
1227,2015,3,21,,9,13,1.39,22.69,3.09,0,29,16
1228,2015,3,22,,10,11,2.27,21.3,1.67,0,18,20
1229,2015,3,22,,1,15,1.21,27.1,4.47,0,20,6
1230,2015,3,23,,4,3,1.41,20.63,3.07,0,20,12
1231,2015,3,27,,13,1,3.39,23.51,1.34,0,29,16
1232,2015,3,27,,15,2,3.39,23.41,1.34,-1,24,25
1233,2015,3,28,,12,5,2.43,21.36,1.59,0,12,4
1234,2015,3,28,,16,10,1.48,21.94,2.72,0,22,24
1235,2015,3,28,,11,3,1.87,19.7,2,0,26,14
1236,2015,3,29,,4,14,1.14,32.41,5.7,0,34,6
1237,2015,3,29,,9,8,1.71,20.7,2.21,0,16,24
1238,2015,3,30,,6,7,1.79,20.31,2.09,-1,18,17
1239,2015,4,3,,10,8,2.45,21.86,1.56,0,16,26
1240,2015,4,3,,2,1,2.31,21.18,1.64,0,17,18
1241,2015,4,4,,11,12,1.37,23.07,3.14,0,0,13
1242,2015,4,4,,5,14,1.63,21.83,2.33,0,16,29
1243,2015,4,5,,4,16,1.19,28.33,4.71,0,12,20
1244,2015,4,6,,3,6,1.59,21.61,2.4,0,10,30
1245,2015,4,6,,7,9,1.41,22.72,2.97,0,30,14
1246,2015,4,6,,13,15,1.99,20.52,1.85,0,6,22
1247,2015,4,10,,8,4,2.29,20.55,1.65,-1,22,18
1248,2015,4,10,,16,11,1.75,20.41,2.11,0,22,6
1249,2015,4,11,,3,5,1.41,22.29,2.93,0,22,12
1250,2015,4,11,,9,15,1.41,22.12,2.97,0,32,22
1251,2015,4,11,,13,10,1.4,21.96,3.02,0,16,38
1252,2015,4,12,,12,2,1.87,20.13,1.97,0,31,6
1253,2015,4,12,,14,7,2.4,21.41,1.61,0,10,14
1254,2015,4,13,,1,6,1.93,21.27,1.91,0,12,30
1255,2015,4,17,,2,5,1.67,20.61,2.27,0,28,16
1256,2015,4,17,,12,8,2.26,20.94,1.69,0,12,10
1257,2015,4,18,,7,4,2.2,20.63,1.71,0,17,16
1258,2015,4,18,,6,9,1.33,22.41,3.42,0,28,24
1259,2015,4,18,,10,3,1.72,21.06,2.19,0,32,6
1260,2015,4,19,,11,13,1.48,22.07,2.74,0,22,28
1261,2015,4,19,,15,14,1.35,23.08,3.32,0,22,30
1262,2015,4,20,,16,1,2.71,19.35,1.49,0,18,10
1263,2015,4,24,,2,15,1.7,21.18,2.22,0,14,38
1264,2015,4,25,,8,13,1.36,23.73,3.22,0,28,16
1265,2015,4,25,,7,5,1.27,26.18,3.83,0,10,12
1266,2015,4,25,,4,12,1.42,22.9,2.95,0,12,14
1267,2015,4,25,,11,6,2.38,22.2,1.6,0,26,26
1268,2015,4,25,,9,10,1.32,23.81,3.48,0,28,32
1269,2015,4,26,,1,14,1.33,24.09,3.38,0,22,30
1270,2015,4,26,,3,16,2.18,20.6,1.73,0,26,18
1271,2015,5,8,,8,3,1.32,23.11,3.43,0,8,5
1272,2015,5,8,,4,15,1.35,23.4,3.27,0,36,4
1273,2015,5,9,,6,2,1.38,22.82,3.12,0,23,16
1274,2015,5,9,,16,9,1.87,21.05,1.98,0,16,20
1275,2015,5,9,,14,10,1.57,22.87,2.45,0,56,16
1276,2015,5,10,,13,7,2.17,21.47,1.72,0,10,28
1277,2015,5,10,,5,11,1.74,21.58,2.13,0,30,10
1278,2015,5,11,,1,12,1.47,22.73,2.77,0,16,10
1279,2015,5,15,,2,4,2.52,21.85,1.56,0,10,24
1280,2015,5,15,,6,8,1.65,20.82,2.32,0,31,20
1281,2015,5,16,,7,1,1.46,21.87,2.78,0,16,12
1282,2015,5,16,,10,16,1.68,20.69,2.26,0,22,23
1283,2015,5,16,,13,9,1.98,21.1,1.87,0,13,17
1284,2015,5,17,,11,15,1.76,20.88,2.13,0,22,12
1285,2015,5,17,,12,14,1.51,21.79,2.64,0,32,18
1286,2015,5,18,,5,3,1.67,21.7,2.28,0,10,11
1287,2015,5,22,,1,13,1.45,23.21,2.84,0,14,12
1288,2015,5,23,,15,6,1.48,22.2,2.76,0,0,8
1289,2015,5,24,,14,2,1.45,21.7,2.84,0,34,41
1290,2015,5,25,,11,8,1.53,21.21,2.6,0,18,31
1291,2015,5,29,,3,13,1.37,23.71,3.2,0,20,26
1292,2015,5,30,,6,5,1.23,25.27,4.26,0,18,14
1293,2015,5,30,,14,8,1.75,20.16,2.14,0,12,24
1294,2015,5,30,,10,1,2.56,21.45,1.53,0,16,22
1295,2015,5,31,,12,16,1.41,23.11,2.96,0,42,6
1296,2015,5,31,,9,11,1.24,25.82,4.09,0,24,20
1297,2015,6,1,,4,7,1.43,22.95,2.92,0,24,2
1298,2015,6,5,,8,5,1.43,22.47,2.91,0,44,10
1299,2015,6,5,,15,10,1.84,20.57,2.03,0,20,27
1300,2015,6,6,,3,7,2.25,20.97,1.69,0,0,20
1301,2015,6,6,,1,9,1.6,20.76,2.43,0,36,4
1302,2015,6,6,,11,14,2.03,19.52,1.83,0,22,44
1303,2015,6,7,,16,4,3.62,22.48,1.3,0,10,4
1304,2015,6,8,,13,6,2.48,21.09,1.56,0,30,36
1305,2015,6,8,,2,12,1.8,19.68,2.1,0,29,16
1306,2015,6,12,,15,1,3.62,21.03,1.31,0,34,6
1307,2015,6,13,,9,4,1.63,20.52,2.35,0,21,25
1308,2015,6,14,,10,2,2.26,21.08,1.68,0,28,14
1309,2015,6,15,,7,13,2.2,19.99,1.73,0,22,26
1310,2015,6,19,,5,15,1.58,21.4,2.48,0,30,20
1311,2015,6,20,,2,3,1.54,21.33,2.55,0,24,12
1312,2015,6,20,,10,9,2.23,20.56,1.69,0,14,36
1313,2015,6,20,,14,6,1.75,20.41,2.14,0,20,21
1314,2015,6,21,,7,8,2.31,20.72,1.65,0,12,14
1315,2015,6,21,,11,16,1.76,21.19,2.12,0,28,30
1316,2015,6,22,,12,4,2.49,20.49,1.57,0,14,19
1317,2015,6,26,,8,11,1.17,28.44,5.14,0,44,22
1318,2015,6,26,,1,5,1.34,22.82,3.42,0,20,8
1319,2015,6,27,,13,12,2.2,20.57,1.71,0,16,12
1320,2015,6,27,,6,16,1.5,22.71,2.68,0,18,24
1321,2015,6,27,,9,14,1.5,21.88,2.68,0,30,8
1322,2015,6,28,,15,3,1.63,20.61,2.36,0,12,35
1323,2015,6,28,,4,10,1.11,31.77,6.52,0,20,10
1324,2015,6,29,,2,7,1.39,20.6,3.16,0,20,4
1325,2015,7,3,,3,1,2.53,21.03,1.55,0,20,6
1326,2015,7,4,,12,6,1.74,21.86,2.13,0,12,18
1327,2015,7,5,,5,16,1.4,22.22,3.04,0,28,16
1328,2015,7,6,,15,13,2.91,21.71,1.43,0,16,28
1329,2015,7,10,,14,11,1.4,23.73,3.06,0,36,22
1330,2015,7,11,,2,8,1.59,22.61,2.44,0,8,16
1331,2015,7,11,,3,4,2.79,22.24,1.46,0,4,24
1332,2015,7,12,,16,12,1.39,21.96,3.12,0,28,8
1333,2015,7,12,,9,7,1.58,21.71,2.45,0,28,14
1334,2015,7,13,,10,5,2.88,22.37,1.44,0,6,38
1335,2015,7,17,,7,3,1.39,21.4,3.17,0,52,10
1336,2015,7,17,,13,2,3.09,22.5,1.4,0,4,28
1337,2015,7,18,,12,1,2.97,22.36,1.42,0,8,24
1338,2015,7,18,,11,10,1.5,19.89,2.7,0,30,2
1339,2015,7,18,,14,16,1.62,20.11,2.4,-1,20,21
1340,2015,7,19,,8,15,1.15,31.32,5.6,0,42,16
1341,2015,7,19,,4,9,1.32,23.5,3.55,0,24,0
1342,2015,7,20,,5,6,1.92,19.21,1.95,0,12,30
1343,2015,7,24,,8,10,1.11,29.72,6.75,0,34,0
1344,2015,7,24,,15,4,6.01,30.54,1.13,0,8,33
1345,2015,7,25,,1,11,1.14,25.87,5.8,0,52,6
1346,2015,7,25,,7,12,1.5,22.26,2.69,0,22,4
1347,2015,7,25,,9,5,1.36,23.47,3.28,0,12,32
1348,2015,7,26,,2,16,1.36,24.46,3.28,0,16,18
1349,2015,7,26,,3,14,1.86,20.55,2.01,0,24,34
1350,2015,7,27,,6,13,1.06,36.32,9.03,0,46,4
1351,2015,7,31,,4,2,1.3,22.9,3.75,0,38,28
1352,2015,7,31,,15,7,3.1,22.71,1.4,0,34,16
1353,2015,8,1,,5,8,2.74,22.42,1.48,0,44,14
1354,2015,8,1,,6,14,1.22,28.39,4.35,0,32,24
1355,2015,8,1,,9,16,1.78,19.94,2.11,0,14,18
1356,2015,8,2,,1,3,1.12,34.36,6.09,0,20,16
1357,2015,8,2,,12,11,1.37,23.06,3.2,0,46,24
1358,2015,8,3,,10,13,1.55,21.44,2.56,0,24,14
1359,2015,8,7,,8,2,1.45,22.03,2.88,0,16,18
1360,2015,8,7,,5,1,2.17,20.24,1.75,0,28,8
1361,2015,8,8,,13,3,2.4,21.13,1.62,0,10,4
1362,2015,8,8,,16,6,2.45,20.99,1.58,0,30,18
1363,2015,8,8,,9,12,2.28,20.42,1.67,0,0,36
1364,2015,8,9,,11,4,5.89,30.94,1.14,0,22,38
1365,2015,8,9,,7,10,1.17,29.8,5.34,0,36,14
1366,2015,8,10,,14,15,1.44,22.41,2.88,0,18,20
1367,2015,8,13,,6,1,1.49,21.95,2.7,0,18,31
1368,2015,8,14,,8,12,1.26,26.95,3.9,0,32,6
1369,2015,8,15,,4,13,1.06,35.61,8.87,0,28,18
1370,2015,8,15,,3,9,1.36,21.9,3.24,0,24,10
1371,2015,8,15,,15,11,1.41,22.34,2.98,0,18,24
1372,2015,8,16,,2,10,1.13,30.56,5.99,0,36,14
1373,2015,8,16,,14,5,2.59,20.82,1.53,0,24,26
1374,2015,8,17,,16,7,1.81,18.59,2.07,0,2,30
1375,2015,8,20,,12,3,1.41,20.99,3,0,19,12
1376,2015,8,21,,1,2,1.92,18.52,1.94,0,18,32
1377,2015,8,22,,4,8,1.48,21.67,2.71,0,12,10
1378,2015,8,22,,9,6,4.64,25.95,1.2,0,16,50
1379,2015,8,22,,16,15,1.44,22.16,2.88,0,40,18
1380,2015,8,23,,5,13,1.09,29.65,7.42,0,16,20
1381,2015,8,23,,10,14,3.01,21.14,1.41,0,28,12
1382,2015,8,24,,7,11,1.11,29.8,6.4,0,6,20
1383,2015,8,27,,1,8,2.2,20.74,1.71,0,12,47
1384,2015,8,28,,5,4,1.96,19.08,1.9,0,10,46
1385,2015,8,29,,7,6,1.73,20.08,2.18,0,14,6
1386,2015,8,29,,11,2,3.06,21.25,1.38,0,18,20
1387,2015,8,29,,13,16,2.59,21.6,1.53,0,28,35
1388,2015,8,30,,10,12,3.31,21.05,1.36,0,28,26
1389,2015,8,30,,15,9,1.29,22.93,3.78,0,50,16
1390,2015,8,31,,14,3,1.48,21.65,2.73,0,34,18
1391,2015,9,3,,8,7,1.73,20.97,2.17,0,8,15
1392,2015,9,4,,4,1,1.32,23.32,3.54,0,30,0
1393,2015,9,5,,6,10,1.16,26.27,5.39,0,42,12
1394,2015,9,5,,12,15,1.75,21.15,2.13,-1,32,30
1395,2015,9,5,,3,11,2.68,21.78,1.5,0,30,12
1396,2015,9,6,,2,9,1.07,37.42,8.05,0,26,22
1397,2015,9,6,,16,5,1.46,22.15,2.85,-1,12,14
1398,2015,9,6,,13,14,1.57,21.3,2.5,0,24,28
1399,2015,9,11,,4,7,1.37,36.92,3.24,0,18,20
1400,2015,9,12,,8,6,1.74,19.11,2.18,0,16,12
1401,2015,9,12,,2,12,1.35,23.56,3.29,-1,11,10
1402,2015,9,13,,16,1,1.68,18.54,2.3,0,28,12
1403,2015,9,18,,4,2,1.39,21.16,3.15,0,38,12
1404,2015,9,19,,6,16,1.38,23.21,3.15,0,39,0
1405,2015,9,25,,8,4,2.14,20.66,1.75,0,31,12
1406,2015,9,26,,7,6,2.08,19.47,1.81,0,12,32
1407,2015,10,4,,8,6,1.92,19,1.97,-1,16,17
1408,2016,3,3,,13,8,2.61,21.99,1.53,0,4,17
1409,2016,3,4,,5,2,1.6,21.68,2.42,0,6,28
1410,2016,3,5,,6,16,1.41,23.6,3.01,0,20,14
1411,2016,3,5,,15,9,3.1,23.61,1.39,0,34,26
1412,2016,3,5,,14,3,1.56,21.21,2.52,0,30,22
1413,2016,3,6,,10,11,1.88,20.88,1.99,0,30,12
1414,2016,3,6,,4,1,2.05,21.12,1.81,0,10,42
1415,2016,3,7,,7,12,1.4,21.25,3.1,0,18,16
1416,2016,3,10,,3,2,2.37,21.22,1.63,0,16,18
1417,2016,3,11,,8,9,1.33,25.82,3.45,0,25,10
1418,2016,3,12,,13,6,2.29,21.4,1.68,0,20,16
1419,2016,3,12,,1,11,1.29,25.41,3.73,0,48,6
1420,2016,3,12,,14,4,1.9,19.62,1.99,0,21,20
1421,2016,3,13,,7,10,1.22,30.56,4.52,0,34,16
1422,2016,3,13,,16,12,1.57,22.69,2.51,0,30,2
1423,2016,3,14,,15,5,2.24,21.94,1.7,0,36,22
1424,2016,3,17,,6,4,1.25,29.35,4.05,0,40,0
1425,2016,3,18,,2,13,1.59,21.23,2.47,0,6,20
1426,2016,3,19,,10,15,1.97,20.7,1.91,0,30,18
1427,2016,3,19,,3,8,2.94,22.69,1.44,0,23,22
1428,2016,3,19,,11,14,2.42,21.37,1.61,-1,24,24
1429,2016,3,20,,12,1,3.01,23.28,1.42,0,8,6
1430,2016,3,20,,9,7,1.98,20.34,1.9,0,14,21
1431,2016,3,21,,5,16,1.97,20.3,1.9,0,22,12
1432,2016,3,25,,8,6,1.65,21.47,2.33,-1,21,20
1433,2016,3,25,,1,2,2.56,21.4,1.55,0,12,42
1434,2016,3,26,,4,5,2.34,21.08,1.65,0,20,22
1435,2016,3,26,,14,10,1.53,23.17,2.62,0,20,24
1436,2016,3,27,,12,3,1.83,21.28,2.05,0,14,12
1437,2016,3,28,,16,7,1.8,20.35,2.1,0,14,6
1438,2016,3,28,,15,13,2.5,21.31,1.58,0,0,8
1439,2016,3,28,,9,11,1.19,28.46,4.78,0,40,18
1440,2016,3,31,,5,1,2.65,21.38,1.53,0,12,16
1441,2016,4,1,,10,8,4.41,29.5,1.22,0,16,24
1442,2016,4,2,,6,12,1.24,28.46,4.16,0,36,0
1443,2016,4,2,,15,16,2.23,22.23,1.7,0,26,34
1444,2016,4,2,,7,11,1.15,31.28,5.6,0,18,14
1445,2016,4,3,,13,3,1.52,22.03,2.65,0,18,20
1446,2016,4,3,,4,9,2.27,21.69,1.68,-1,28,32
1447,2016,4,4,,2,14,1.52,23.09,2.63,0,8,22
1448,2016,4,7,,8,12,1.14,32.28,5.89,0,26,0
1449,2016,4,8,,1,4,1.48,21.93,2.78,0,10,17
1450,2016,4,9,,3,6,2.3,21.43,1.68,0,18,23
1451,2016,4,9,,9,5,1.46,22.68,2.87,0,18,34
1452,2016,4,9,,13,14,1.6,21.35,2.45,0,36,6
1453,2016,4,10,,11,15,2.07,20.91,1.82,0,18,16
1454,2016,4,10,,16,10,1.28,25.29,3.9,0,25,20
1455,2016,4,11,,7,2,1.67,21.25,2.3,0,12,18
1456,2016,4,14,,5,13,2.22,20.26,1.72,0,10,22
1457,2016,4,15,,6,1,1.28,25.18,3.83,0,44,18
1458,2016,4,16,,8,11,1.09,34.6,7.6,0,53,0
1459,2016,4,16,,2,9,1.9,20.27,1.97,0,20,24
1460,2016,4,16,,10,12,1.78,20.5,2.12,0,14,19
1461,2016,4,17,,15,7,2.62,20.71,1.53,-1,18,19
1462,2016,4,17,,14,16,2.06,20.1,1.81,0,16,40
1463,2016,4,18,,4,3,2.47,20.6,1.58,0,16,20
1464,2016,4,22,,8,1,1.18,31.4,4.97,0,30,8
1465,2016,4,23,,6,13,1.36,22.56,3.35,0,32,16
1466,2016,4,23,,14,15,1.42,22.55,2.99,0,60,6
1467,2016,4,23,,2,10,1.29,23.75,3.69,-1,21,20
1468,2016,4,24,,16,3,1.49,22.36,2.7,0,20,18
1469,2016,4,25,,7,9,1.65,20.85,2.35,0,42,0
1470,2016,4,25,,12,4,2.15,20.68,1.76,0,20,18
1471,2016,4,25,,11,5,2.88,22.55,1.45,0,10,26
1472,2016,4,28,,1,15,1.36,23.76,3.27,0,22,30
1473,2016,4,29,,13,2,2.34,20.04,1.67,0,20,12
1474,2016,4,30,,5,6,3.62,25.35,1.31,0,18,34
1475,2016,4,30,,4,11,1.14,30.33,6,0,38,0
1476,2016,4,30,,3,14,1.62,21.45,2.39,0,19,18
1477,2016,5,1,,16,8,2.05,21.07,1.83,0,30,28
1478,2016,5,1,,10,7,2.18,21.69,1.75,0,0,38
1479,2016,5,1,,9,12,2.41,20.96,1.6,0,26,10
1480,2016,5,12,,12,14,2.18,20.4,1.75,-1,16,12
1481,2016,5,13,,13,1,1.53,20.89,2.64,0,20,22
1482,2016,5,14,,5,8,4.82,29.48,1.2,0,6,30
1483,2016,5,14,,7,6,2.88,22.76,1.45,0,15,14
1484,2016,5,14,,3,9,1.6,21.47,2.46,0,30,18
1485,2016,5,15,,15,2,2.79,23.44,1.47,0,4,36
1486,2016,5,15,,11,16,5.69,30.43,1.15,0,0,62
1487,2016,5,16,,10,4,2.8,22.6,1.47,0,26,6
1488,2016,5,19,,1,12,1.36,22.91,3.32,0,34,24
1489,2016,5,20,,6,8,1.74,19.34,2.19,0,19,18
1490,2016,5,21,,16,5,1.3,24.61,3.71,0,20,12
1491,2016,5,21,,9,14,1.82,20.79,2.06,0,12,38
1492,2016,5,21,,15,11,1.34,24.22,3.44,0,20,12
1493,2016,5,22,,2,4,1.68,21.54,2.28,0,32,20
1494,2016,5,22,,3,10,1.28,26.38,3.82,0,24,28
1495,2016,5,23,,13,7,2.06,20.69,1.8,0,6,18
1496,2016,5,27,,8,15,1.19,27.47,4.98,0,18,19
1497,2016,5,28,,12,6,1.67,20.66,2.3,0,14,10
1498,2016,5,29,,14,2,1.47,21.69,2.83,0,32,20
1499,2016,5,30,,11,13,4.22,25.71,1.25,0,18,20
1500,2016,6,3,,14,5,1.44,22.38,2.92,0,30,18
1501,2016,6,4,,7,3,1.45,21.63,2.89,0,24,6
1502,2016,6,4,,6,11,1.06,36.87,9.31,0,46,16
1503,2016,6,4,,9,8,2.49,22.3,1.57,0,36,18
1504,2016,6,5,,1,10,1.65,20.8,2.35,-1,28,29
1505,2016,6,5,,4,15,1.72,20.29,2.22,0,32,18
1506,2016,6,6,,2,16,2.44,19.61,1.6,0,18,20
1507,2016,6,9,,8,14,1.33,24.79,3.5,0,26,18
1508,2016,6,10,,15,1,2.5,21.59,1.57,0,30,14
1509,2016,6,11,,4,7,3.06,23.02,1.41,0,0,46
1510,2016,6,11,,13,10,2.23,21.15,1.71,0,22,12
1511,2016,6,11,,11,9,3.8,25.37,1.29,0,14,50
1512,2016,6,12,,5,3,2.5,21.35,1.58,0,24,31
1513,2016,6,13,,16,6,1.87,20.9,2,0,13,10
1514,2016,6,13,,12,2,3.21,22.35,1.38,0,16,34
1515,2016,6,17,,1,13,2.15,21.13,1.76,0,12,30
1516,2016,6,18,,12,7,1.48,21.26,2.76,0,20,10
1517,2016,6,19,,9,4,1.39,23.3,3.11,0,12,10
1518,2016,6,20,,10,5,1.47,21.9,2.79,0,30,10
1519,2016,6,24,,3,1,1.34,22.52,3.42,0,28,26
1520,2016,6,25,,2,8,1.84,19.79,2.06,0,40,14
1521,2016,6,25,,16,9,1.32,24.13,3.55,-1,19,18
1522,2016,6,25,,11,12,3.5,22.68,1.33,0,18,30
1523,2016,6,26,,7,15,1.31,24.07,3.63,0,29,20
1524,2016,6,26,,10,14,2.21,20.18,1.72,0,22,30
1525,2016,6,27,,6,5,1.16,31.75,5.41,0,30,26
1526,2016,6,30,,4,2,2.58,21.65,1.54,0,20,24
1527,2016,7,1,,8,7,1.6,20.78,2.42,0,6,48
1528,2016,7,2,,16,13,1.34,23.22,3.4,0,34,24
1529,2016,7,2,,15,3,2.12,21.12,1.77,0,34,26
1530,2016,7,2,,9,10,1.3,24.21,3.74,0,27,18
1531,2016,7,3,,1,6,3.43,23.86,1.33,0,0,20
1532,2016,7,3,,14,11,1.07,37.92,8.97,-1,29,25
1533,2016,7,4,,5,12,1.71,21.38,2.21,0,36,6
1534,2016,7,8,,13,4,1.99,20.58,1.89,0,22,18
1535,2016,7,9,,2,15,1.16,27.86,5.35,0,32,22
1536,2016,7,10,,3,16,1.54,21.83,2.58,0,10,26
1537,2016,7,11,,14,6,1.29,27.06,3.77,0,26,12
1538,2016,7,15,,12,10,2.38,20.12,1.63,0,12,32
1539,2016,7,16,,1,8,2.61,22.05,1.53,0,10,30
1540,2016,7,16,,5,9,2.34,20.46,1.65,-1,15,14
1541,2016,7,17,,3,13,1.29,23.22,3.87,0,22,18
1542,2016,7,17,,11,7,6.35,33.24,1.13,0,16,20
1543,2016,7,18,,4,16,2.61,21.55,1.53,0,20,32
1544,2016,7,21,,6,2,1.42,22.31,3.04,0,36,0
1545,2016,7,22,,8,3,1.29,23.98,3.79,0,12,31
1546,2016,7,23,,7,4,1.28,25.32,3.86,0,26,10
1547,2016,7,23,,10,13,1.36,23.48,3.32,0,34,14
1548,2016,7,23,,14,9,1.41,22.18,3.08,-1,26,22
1549,2016,7,24,,12,15,2.54,21.42,1.56,0,12,25
1550,2016,7,24,,16,11,1.08,39.42,8.4,0,36,4
1551,2016,7,25,,1,5,2.42,20.83,1.61,0,12,20
1552,2016,7,28,,4,8,2.05,20.33,1.84,0,32,16
1553,2016,7,29,,2,12,1.15,31.31,5.73,0,13,10
1554,2016,7,30,,6,7,2.25,19.46,1.7,0,8,16
1555,2016,7,30,,13,15,3.42,23.36,1.34,0,8,23
1556,2016,7,30,,9,3,1.61,20.63,2.44,-1,20,16
1557,2016,7,31,,5,11,1.1,32.73,7.41,0,36,16
1558,2016,7,31,,1,14,3.37,23.06,1.35,0,4,54
1559,2016,8,1,,10,16,3.15,23.19,1.38,-1,18,18
1560,2016,8,4,,12,8,3.89,22.61,1.28,0,8,12
1561,2016,8,5,,13,5,2.64,21.71,1.53,0,10,9
1562,2016,8,6,,7,1,1.1,33.83,7.21,-1,15,14
1563,2016,8,6,,16,14,1.63,20.11,2.36,0,14,30
1564,2016,8,6,,11,2,5.44,29.45,1.16,0,14,28
1565,2016,8,7,,15,6,3.52,23.37,1.32,0,26,14
1566,2016,8,7,,10,9,1.57,20.38,2.5,0,14,24
1567,2016,8,8,,3,4,1.49,19.87,2.67,0,38,18
1568,2016,8,11,,2,5,1.47,21.72,2.84,-1,20,16
1569,2016,8,12,,8,13,1.21,24.74,4.74,0,38,16
1570,2016,8,13,,12,16,3.72,24.36,1.3,0,32,18
1571,2016,8,13,,9,1,1.35,22.38,3.43,0,22,41
1572,2016,8,13,,15,10,1.86,19.86,2,0,18,19
1573,2016,8,14,,4,6,2.8,21.15,1.48,0,22,10
1574,2016,8,14,,11,3,3.95,25.39,1.27,0,6,42
1575,2016,8,15,,14,7,1.96,19.68,1.9,0,22,8
1576,2016,8,18,,8,2,1.61,20.56,2.42,0,20,10
1577,2016,8,19,,3,15,1.38,23.58,3.21,0,40,10
1578,2016,8,20,,6,9,1.25,25.96,4.14,0,34,6
1579,2016,8,20,,5,7,3.71,24.43,1.3,0,18,38
1580,2016,8,20,,11,10,4.96,27.14,1.19,0,6,26
1581,2016,8,21,,4,12,1.48,21.67,2.79,0,42,6
1582,2016,8,21,,14,13,1.16,29.58,5.4,0,28,18
1583,2016,8,22,,1,16,2.68,20.64,1.51,0,12,6
1584,2016,8,25,,2,6,2.41,19.73,1.62,0,16,24
1585,2016,8,26,,7,8,1.43,21.71,3.01,0,16,26
1586,2016,8,27,,16,4,1.53,21.67,2.64,0,37,12
1587,2016,8,27,,10,3,1.8,20.32,2.1,0,14,15
1588,2016,8,27,,5,14,2.84,22.28,1.46,0,30,44
1589,2016,8,28,,11,1,4.31,26.1,1.23,0,12,34
1590,2016,8,28,,9,15,1.32,25.16,3.51,0,24,36
1591,2016,8,29,,13,12,1.47,21.9,2.82,0,30,18
1592,2016,9,1,,8,4,1.18,29.91,5.09,0,24,14
1593,2016,9,2,,2,1,1.68,19.92,2.28,0,10,28
1594,2016,9,3,,7,16,1.54,21.34,2.6,0,26,6
1595,2016,9,3,,6,10,1.31,22.91,3.63,0,32,16
1596,2016,9,3,,12,11,1.28,25.05,3.86,0,28,26
1597,2016,9,4,,3,5,1.16,26.27,5.7,0,36,6
1598,2016,9,4,,9,13,1.59,20.32,2.47,0,18,40
1599,2016,9,4,,15,14,2.55,20.9,1.56,0,10,52
1600,2016,9,9,,8,10,1.31,22.3,3.59,0,44,28
1601,2016,9,10,,7,6,1.72,19.46,2.22,0,16,10
1602,2016,9,10,,14,16,1.47,21.66,2.84,0,14,16
1603,2016,9,11,,3,2,1.6,21.05,2.46,0,28,12
1604,2016,9,16,,6,8,1.49,20.97,2.76,-1,26,20
1605,2016,9,17,,14,3,1.66,19.23,2.34,0,22,12
1606,2016,9,23,,16,6,2.02,18.76,1.89,0,32,20
1607,2016,9,24,,7,14,1.42,20.72,3.01,0,14,12
1608,2016,10,2,,7,16,1.86,17.94,2.05,0,12,14
1609,2017,3,2,,16,8,2.12,18.41,1.78,0,18,26
1610,2017,3,3,,1,15,1.75,18.78,2.17,0,18,34
1611,2017,3,3,,2,7,2.09,18.35,1.8,0,6,12
1612,2017,3,4,,10,4,2.37,19.51,1.62,0,18,32
1613,2017,3,4,,6,14,1.37,21.42,3.14,-1,20,16
1614,2017,3,4,,12,3,2.89,21.9,1.44,0,42,10
1615,2017,3,5,,5,13,1.94,17.61,1.92,0,12,20
1616,2017,3,5,,9,11,1.19,27.06,4.89,0,26,22
1617,2017,3,9,,4,2,1.45,21.06,2.87,0,28,24
1618,2017,3,10,,8,6,1.8,17.95,2.1,-1,20,21
1619,2017,3,10,,9,7,2.12,18.38,1.79,0,10,26
1620,2017,3,11,,14,16,1.44,22.45,2.92,0,16,42
1621,2017,3,11,,5,1,1.8,20.57,2.07,0,18,38
1622,2017,3,11,,11,10,2.24,19.98,1.69,0,34,26
1623,2017,3,12,,12,13,2.12,19.62,1.76,0,16,34
1624,2017,3,12,,15,3,2.04,19.21,1.85,0,2,36
1625,2017,3,16,,7,8,1.52,18.69,2.64,0,14,12
1626,2017,3,17,,10,13,2.56,19.92,1.54,0,26,14
1627,2017,3,17,,2,9,2.04,19.11,1.82,0,24,12
1628,2017,3,18,,6,5,1.28,24.4,3.76,0,8,30
1629,2017,3,18,,3,4,1.95,17.21,1.93,0,12,14
1630,2017,3,18,,11,1,2.49,20.11,1.57,0,18,24
1631,2017,3,19,,16,12,1.36,21.26,3.23,0,10,16
1632,2017,3,19,,14,15,1.34,21.83,3.39,0,46,6
1633,2017,3,23,,1,4,2.92,20.56,1.43,0,6,20
1634,2017,3,24,,8,14,1.64,19.75,2.3,0,13,12
1635,2017,3,24,,3,11,1.16,27.35,5.16,0,40,0
1636,2017,3,25,,10,6,2.28,19.91,1.66,0,26,32
1637,2017,3,25,,13,16,1.89,17.31,1.98,0,6,20
1638,2017,3,25,,5,2,1.94,17.16,1.93,0,36,0
1639,2017,3,26,,12,9,1.82,18.57,2.04,0,26,12
1640,2017,3,26,,15,7,2.68,21.54,1.5,0,14,22
1641,2017,3,30,,2,8,3.04,20.91,1.4,0,10,7
1642,2017,3,31,,6,1,1.28,22.48,3.81,0,20,6
1643,2017,3,31,,4,5,1.34,21.87,3.34,0,12,18
1644,2017,4,1,,7,3,1.58,20.23,2.46,0,28,6
1645,2017,4,1,,14,13,1.43,22.37,2.89,0,30,18
1646,2017,4,1,,16,11,1.1,29.33,7.25,0,19,18
1647,2017,4,2,,15,12,2.55,20.75,1.54,0,6,28
1648,2017,4,2,,9,10,1.4,21.12,3.05,0,28,22
1649,2017,4,6,,8,4,1.77,17.77,2.14,0,32,8
1650,2017,4,7,,3,1,1.64,19.13,2.34,0,20,21
1651,2017,4,7,,11,2,2.58,20.84,1.53,0,12,22
1652,2017,4,8,,6,15,1.16,28.11,5.39,0,16,26
1653,2017,4,8,,10,14,4.32,24.06,1.23,0,16,42
1654,2017,4,8,,5,12,1.48,20.99,2.74,0,10,35
1655,2017,4,9,,7,16,1.55,18.35,2.56,0,2,11
1656,2017,4,9,,9,13,1.68,19.43,2.25,0,22,10
1657,2017,4,14,,8,10,1.17,27.98,4.87,0,24,22
1658,2017,4,14,,11,4,4.51,24.88,1.21,0,6,24
1659,2017,4,14,,2,1,1.9,17.67,1.94,0,24,9
1660,2017,4,15,,12,6,1.33,22.4,3.36,0,28,22
1661,2017,4,15,,14,9,1.31,22.68,3.45,0,20,8
1662,2017,4,15,,5,7,2.67,19.35,1.49,0,26,30
1663,2017,4,16,,3,16,1.72,19.52,2.16,0,2,28
1664,2017,4,17,,13,15,1.62,19.32,2.33,0,26,22
1665,2017,4,21,,1,8,3.41,22.35,1.33,0,24,25
1666,2017,4,21,,14,5,1.28,23.2,3.71,0,18,20
1667,2017,4,22,,16,10,1.29,23.84,3.62,0,12,16
1668,2017,4,22,,6,11,1.29,23.6,3.67,0,24,12
1669,2017,4,22,,13,3,2.21,19.64,1.7,0,18,12
1670,2017,4,23,,15,2,2.66,20.84,1.49,0,18,12
1671,2017,4,25,,7,9,1.29,21.09,3.72,0,20,14
1672,2017,4,25,,4,12,1.63,20.03,2.32,-1,13,12
1673,2017,4,27,,8,3,1.47,21.02,2.74,0,32,18
1674,2017,4,28,,6,13,1.8,20.47,2.05,0,6,26
1675,2017,4,28,,1,5,2.15,20.53,1.72,0,8,46
1676,2017,4,29,,15,16,2.69,20.73,1.48,0,16,22
1677,2017,4,29,,2,14,2.68,20.88,1.49,0,16,10
1678,2017,4,29,,10,11,1.18,27.66,4.86,0,38,8
1679,2017,4,30,,12,7,2.78,22.01,1.45,0,22,34
1680,2017,4,30,,9,4,2.08,20.27,1.77,0,14,13
1681,2017,5,11,,2,6,1.54,20.78,2.53,0,14,30
1682,2017,5,12,,15,1,2.02,19.66,1.83,0,8,28
1683,2017,5,12,,12,16,2.87,22.17,1.44,0,14,18
1684,2017,5,13,,5,8,2.35,19.99,1.62,0,14,24
1685,2017,5,13,,7,10,1.36,22.24,3.24,0,36,38
1686,2017,5,13,,3,9,1.63,20.11,2.34,0,36,28
1687,2017,5,14,,4,13,1.49,20.33,2.67,0,48,10
1688,2017,5,14,,11,14,5.21,26.62,1.16,0,34,20
1689,2017,5,18,,16,6,1.39,23.29,3.03,0,18,14
1690,2017,5,19,,8,15,1.13,27.32,5.96,0,36,0
1691,2017,5,19,,9,12,1.61,19.56,2.39,0,14,30
1692,2017,5,20,,13,14,2.39,20.79,1.6,0,16,22
1693,2017,5,20,,10,5,1.63,20.4,2.32,0,10,30
1694,2017,5,21,,1,7,3.42,23.47,1.32,0,6,14
1695,2017,5,21,,2,4,3.08,22.39,1.38,0,18,24
1696,2017,5,21,,11,3,3.68,23.12,1.28,0,20,30
1697,2017,5,26,,1,13,1.78,19.94,2.06,0,16,22
1698,2017,5,27,,16,2,1.64,20.2,2.31,0,9,8
1699,2017,5,27,,9,8,1.38,23.85,3.07,0,28,10
1700,2017,5,28,,14,4,1.33,21.75,3.39,0,24,16
1701,2017,6,2,,13,9,1.72,19.91,2.18,0,32,24
1702,2017,6,2,,7,11,1.15,29.91,5.24,0,40,12
1703,2017,6,3,,6,10,1.49,21.62,2.69,0,20,8
1704,2017,6,3,,4,8,1.7,20.03,2.2,0,18,16
1705,2017,6,3,,12,15,1.23,25.04,4.3,0,16,12
1706,2017,6,4,,2,3,2.26,19.87,1.67,0,0,38
1707,2017,6,4,,5,14,2.02,18.87,1.82,-1,21,20
1708,2017,6,8,,16,7,1.66,17.19,2.3,0,13,18
1709,2017,6,9,,8,1,1.24,24.74,4.09,0,24,18
1710,2017,6,9,,5,11,1.14,28.96,5.52,0,18,14
1711,2017,6,10,,13,6,2.06,19.81,1.8,0,6,32
1712,2017,6,10,,3,14,1.8,20.14,2.03,0,24,20
1713,2017,6,10,,10,9,1.82,18.53,2.01,0,12,34
1714,2017,6,11,,15,4,4.56,26.82,1.2,0,18,40
1715,2017,6,12,,2,12,2.91,20.97,1.42,0,16,2
1716,2017,6,16,,1,10,1.31,22.61,3.48,0,36,20
1717,2017,6,17,,16,15,1.3,22.95,3.53,0,24,22
1718,2017,6,17,,7,6,1.62,20.08,2.36,-1,23,22
1719,2017,6,18,,13,12,1.63,19.87,2.33,0,24,10
1720,2017,6,23,,15,10,2.15,20.53,1.72,0,14,26
1721,2017,6,23,,9,2,1.59,20.11,2.41,0,21,14
1722,2017,6,24,,4,7,1.28,23.24,3.72,-1,25,24
1723,2017,6,24,,14,8,1.48,20.54,2.71,0,20,30
1724,2017,6,24,,6,3,2.1,19.37,1.77,0,14,12
1725,2017,6,25,,16,5,1.66,19.65,2.27,0,18,35
1726,2017,6,25,,12,11,1.21,26.59,4.42,0,32,28
1727,2017,6,29,,13,2,1.41,21.84,2.95,-1,13,12
1728,2017,6,30,,8,7,2.36,20.53,1.61,0,12,42
1729,2017,6,30,,10,12,2,19.25,1.84,0,20,10
1730,2017,7,1,,14,6,1.48,19.3,2.69,0,18,31
1731,2017,7,1,,5,9,1.38,23.34,3.06,0,26,22
1732,2017,7,1,,4,16,1.75,19.98,2.11,0,12,44
1733,2017,7,2,,1,3,2.27,20.01,1.66,0,42,14
1734,2017,7,2,,11,15,1.61,18.53,2.36,0,12,33
1735,2017,7,7,,4,1,2.37,20.14,1.61,0,14,12
1736,2017,7,8,,7,13,2.4,20.89,1.59,0,6,22
1737,2017,7,8,,3,5,1.83,20.49,2,0,16,8
1738,2017,7,9,,2,11,1.4,22.92,2.96,0,20,18
1739,2017,7,14,,14,12,1.46,20.92,2.78,-1,18,14
1740,2017,7,14,,9,3,1.49,20,2.7,0,22,34
1741,2017,7,15,,10,16,2.23,19.64,1.68,0,30,10
1742,2017,7,15,,11,8,3.44,25.03,1.33,0,22,34
1743,2017,7,16,,1,6,2.45,20.23,1.57,0,10,23
1744,2017,7,16,,5,15,1.16,28.31,4.99,0,28,16
1745,2017,7,20,,8,2,1.3,22.26,3.56,0,42,12
1746,2017,7,21,,16,1,1.32,21.55,3.44,0,26,12
1747,2017,7,21,,4,11,1.18,26.79,4.9,0,28,4
1748,2017,7,22,,6,9,1.28,21.52,3.75,0,24,12
1749,2017,7,22,,14,7,2.82,21.39,1.45,0,14,20
1750,2017,7,22,,3,10,1.53,20.2,2.55,0,24,16
1751,2017,7,23,,15,13,3.43,22.28,1.32,0,16,17
1752,2017,7,23,,12,5,2.1,19.19,1.77,0,52,22
1753,2017,7,27,,3,2,1.46,19.46,2.8,0,16,8
1754,2017,7,28,,13,8,2.75,19.77,1.47,0,28,14
1755,2017,7,28,,9,16,2.35,19.39,1.62,0,12,26
1756,2017,7,29,,4,6,1.67,19.88,2.25,0,22,16
1757,2017,7,29,,1,14,1.9,18.69,1.95,0,18,32
1758,2017,7,29,,11,12,4.07,23.11,1.24,0,21,14
1759,2017,7,30,,10,15,1.36,23.49,3.13,0,4,26
1760,2017,7,30,,7,5,1.46,22,2.76,0,40,6
1761,2017,8,3,,2,13,2.77,19.47,1.47,0,4,20
1762,2017,8,4,,6,7,2.56,19.99,1.53,0,8,26
1763,2017,8,5,,16,14,1.61,19,2.38,0,12,30
1764,2017,8,5,,10,8,3.06,23.37,1.38,0,0,54
1765,2017,8,5,,11,9,1.92,18.47,1.91,0,26,10
1766,2017,8,6,,3,15,1.38,23.22,3.05,0,28,14
1767,2017,8,6,,5,4,2.03,18.42,1.82,0,36,18
1768,2017,8,6,,12,1,1.45,22.2,2.79,0,24,26
1769,2017,8,10,,1,2,1.6,20.44,2.38,0,28,14
1770,2017,8,11,,8,16,1.51,20.53,2.63,0,32,10
1771,2017,8,11,,13,11,1.19,28.19,4.72,0,10,29
1772,2017,8,12,,3,6,1.51,19.89,2.67,0,24,16
1773,2017,8,12,,7,4,1.36,20.69,3.24,0,16,13
1774,2017,8,12,,12,10,1.34,21.3,3.25,0,42,16
1769,2017,8,13,,15,5,2.92,22.47,1.42,0,30,26
1770,2017,8,13,,9,14,3.47,23.27,1.31,0,16,36
1771,2017,8,17,,13,10,1.17,27.5,5.09,0,30,8
1772,2017,8,18,,8,12,1.23,26.44,4.18,0,24,12
1773,2017,8,18,,1,9,1.36,23.43,3.17,0,36,18
1774,2017,8,19,,6,16,2.21,19.75,1.69,0,16,26
1775,2017,8,19,,4,15,1.18,27.85,4.89,0,22,18
1770,2017,8,19,,11,7,3.88,23.92,1.26,0,12,44
1771,2017,8,20,,2,5,4.34,25.37,1.22,0,30,16
1772,2017,8,20,,14,3,1.48,19.52,2.73,0,22,26
1773,2017,8,24,,8,13,1.26,23.51,3.95,0,34,52
1774,2017,8,25,,15,6,2.46,20.12,1.58,0,14,22
1775,2017,8,25,,14,11,1.14,28.43,5.65,0,46,28
1776,2017,8,26,,16,4,2.01,19.07,1.85,0,14,16
1771,2017,8,26,,7,1,1.13,30.45,5.92,0,64,6
1772,2017,8,26,,10,2,1.84,19.96,2,0,14,26
1773,2017,8,27,,3,12,1.51,20.68,2.6,0,14,16
1774,2017,8,27,,9,5,2.48,20.87,1.56,-1,21,22
1775,2017,8,31,,6,8,2.58,19.59,1.53,0,10,20
1776,2017,9,1,,13,1,1.1,28.62,6.95,0,22,16
1777,2017,9,2,,7,14,1.26,23.86,3.91,0,32,6
1772,2017,9,2,,5,3,1.68,20.34,2.25,0,28,12
1773,2017,9,2,,4,10,1.05,37.45,9.13,0,20,16
1774,2017,9,3,,15,9,1.32,22.67,3.45,0,28,16
1775,2017,9,3,,12,2,1.36,23.14,3.17,0,20,26
1776,2017,9,3,,11,16,3.24,24.55,1.35,0,18,26
1777,2017,9,8,,4,8,1.61,20.29,2.39,0,24,22
1778,2017,9,9,,5,3,1.58,19.71,2.46,0,10,22
1773,2017,9,9,,7,13,1.18,26.64,4.89,0,18,16
1774,2017,9,10,,16,6,1.35,22.44,3.27,-1,14,15
1775,2017,9,15,,8,3,1.42,20.06,2.97,0,13,6
1776,2017,9,16,,13,6,1.38,20.42,3.17,0,16,24
1777,2017,9,22,,7,8,1.28,23.62,3.83,0,30,0
1778,2017,9,23,,4,6,1.37,19.87,3.23,0,16,29
1779,2017,10,1,,7,6,1.28,21.36,3.89,0,34,6
1780,2018,3,8,,12,8,1.7,20.51,2.28,0,34,12
1781,2018,3,9,,11,5,1.67,20.76,2.31,-1,19,18
1782,2018,3,9,,6,16,1.93,19.95,1.95,0,20,14
1783,2018,3,10,,15,4,3.14,22.09,1.4,0,10,8
1784,2018,3,10,,1,9,1.47,21.03,2.85,0,20,32
1785,2018,3,11,,2,7,4,27.11,1.27,0,18,36
1786,2018,3,11,,3,13,2.31,20.72,1.67,0,24,14
1787,2018,3,11,,10,14,1.97,20.24,1.91,0,30,28
1788,2018,3,15,,16,12,1.96,20.33,1.93,0,16,20
1789,2018,3,16,,4,2,2.23,19.95,1.72,0,30,12
1790,2018,3,16,,8,6,1.33,23.44,3.45,0,24,20
1791,2018,3,17,,9,10,1.13,31.92,6.26,0,20,8
1792,2018,3,17,,3,1,1.39,24.14,3.12,0,18,14
1793,2018,3,17,,7,15,1.31,23.85,3.59,0,8,10
1794,2018,3,18,,5,13,1.61,21.55,2.45,0,54,0
1795,2018,3,18,,14,11,1.85,20.72,2.03,0,28,30
1796,2018,3,22,,7,6,1.62,20.16,2.42,0,30,14
1797,2018,3,22,,2,3,2.35,20.1,1.66,0,20,18
1798,2018,3,22,,15,8,2.31,20.69,1.68,0,7,9
1799,2018,3,22,,14,9,1.86,19.18,2.04,0,19,20
1800,2018,3,22,,1,5,2.29,21.25,1.68,0,34,6
1801,2018,3,22,,13,16,1.8,20.54,2.1,0,4,14
1802,2018,3,22,,10,12,1.35,23.62,3.39,0,8,54
1803,2018,3,22,,4,11,2.85,21.5,1.47,0,38,8
1804,2018,3,29,,6,3,1.26,23.87,4.1,0,14,33
1805,2018,3,30,,1,2,2.72,21.18,1.51,0,20,16
1806,2018,3,30,,16,7,1.72,20.11,2.23,0,14,4
1807,2018,3,31,,4,9,1.56,22.35,2.54,0,6,30
1808,2018,3,31,,5,14,1.26,24.77,4.1,0,32,16
1809,2018,4,1,,12,11,1.25,24.08,4.28,0,30,12
1810,2018,4,1,,8,10,1.31,22.64,3.59,0,14,26
1811,2018,4,2,,15,13,1.85,19,2.06,0,30,20
1812,2018,4,5,,14,2,1.8,20.52,2.11,0,26,10
1813,2018,4,6,,16,4,1.32,24.28,3.62,0,10,28
1814,2018,4,6,,12,1,2.15,19.84,1.77,0,16,12
1815,2018,4,7,,15,7,2.18,20.48,1.76,0,11,10
1816,2018,4,7,,9,6,1.83,20.39,2.06,0,22,12
1817,2018,4,7,,11,8,2.97,23.5,1.42,0,15,10
1818,2018,4,8,,10,5,2.55,20.79,1.56,0,32,20
1819,2018,4,8,,13,3,2.25,20.88,1.7,0,6,12
1820,2018,4,12,,4,1,1.38,24.16,3.2,0,14,26
1821,2018,4,13,,7,11,1.48,20.32,2.77,0,40,14
1822,2018,4,13,,12,16,1.29,24.66,3.77,0,40,20
1823,2018,4,14,,9,8,1.57,20.33,2.5,0,18,27
1824,2018,4,14,,6,2,1.32,21.27,3.55,0,10,27
1825,2018,4,14,,14,13,1.45,20.32,2.9,0,18,2
1826,2018,4,15,,3,10,1.59,20.56,2.47,0,35,12
1827,2018,4,15,,5,15,1.45,23.49,2.87,0,12,38
1828,2018,4,19,,2,4,2.56,20.4,1.55,0,0,6
1829,2018,4,20,,9,12,2.34,19.32,1.65,0,20,12
1830,2018,4,20,,8,7,2.6,19.42,1.58,0,20,34
1831,2018,4,21,,1,14,1.4,20.62,3.08,0,42,22
1832,2018,4,21,,15,11,1.51,20.33,2.67,0,20,22
1833,2018,4,21,,6,10,1.6,20.09,2.45,0,26,14
1834,2018,4,22,,13,5,2.2,18.59,1.73,0,44,10
1835,2018,4,22,,16,3,2.14,19.27,1.76,0,26,22
1836,2018,4,25,,12,4,1.4,23.12,3.12,0,24,8
1837,2018,4,25,,7,9,1.73,19.03,2.22,0,50,10
1838,2018,4,26,,1,8,1.54,21.06,2.61,0,20,24
1839,2018,4,27,,5,11,1.57,20.5,2.52,0,12,18
1840,2018,4,27,,3,2,1.53,20.01,2.62,0,22,14
1841,2018,4,28,,10,16,1.45,20.43,2.84,0,9,10
1842,2018,4,28,,6,14,2.16,20.89,1.75,0,8,18
1843,2018,4,29,,13,15,2.1,20.17,1.8,0,24,22
1844,2018,5,3,,8,2,1.41,20.99,3.07,0,22,20
1845,2018,5,4,,11,1,1.88,20.42,1.99,0,18,36
1846,2018,5,4,,3,6,2.56,20.67,1.55,0,20,26
1847,2018,5,5,,14,10,1.85,20.39,2.04,0,32,18
1848,2018,5,5,,9,15,1.53,21.03,2.61,0,26,4
1849,2018,5,5,,16,13,1.37,24.11,3.24,0,22,20
1850,2018,5,6,,12,7,1.29,21.73,3.79,0,34,14
1851,2018,5,6,,4,5,1.78,20.55,2.12,0,22,20
1852,2018,5,11,,15,6,1.93,19.97,1.94,0,20,12
1853,2018,5,11,,11,3,2.01,20.01,1.86,0,18,29
1854,2018,5,11,,2,13,2.08,20.64,1.81,0,20,12
1855,2018,5,11,,9,4,2.61,21.23,1.54,0,0,32
1856,2018,5,11,,7,10,1.16,29.58,5.62,0,28,14
1857,2018,5,11,,5,8,1.9,17.79,2,0,38,24
1858,2018,5,11,,1,12,1.56,20.81,2.55,0,24,10
1859,2018,5,11,,14,16,2.34,20.32,1.66,0,16,24
1860,2018,5,17,,3,15,1.57,20.55,2.49,0,16,2
1861,2018,5,18,,13,9,2.53,20.78,1.55,0,14,24
1862,2018,5,18,,8,4,1.73,18.6,2.15,0,28,22
1863,2018,5,19,,10,11,1.47,21.65,2.81,0,33,26
1864,2018,5,19,,6,1,2.2,19.89,1.72,0,19,20
1865,2018,5,19,,7,5,1.76,19.72,2.14,0,4,24
1866,2018,5,20,,12,14,1.45,19.99,2.89,0,25,18
1867,2018,5,20,,16,2,1.36,21.24,3.27,0,22,16
1868,2018,5,24,,8,13,1.46,20.3,2.84,0,18,10
1869,2018,5,25,,14,5,2.12,20.23,1.78,0,21,20
1870,2018,5,25,,6,7,1.65,19.15,2.36,0,6,7
1871,2018,5,26,,4,10,2.11,19.27,1.79,0,34,14
1872,2018,5,26,,9,1,2.1,19.59,1.79,0,10,30
1873,2018,5,26,,3,12,1.29,24.34,3.82,0,28,2
1874,2018,5,27,,11,16,1.57,19,2.56,0,10,48
1875,2018,5,27,,15,2,2.56,20.69,1.55,0,14,10
1876,2018,5,31,,5,6,1.67,18.54,2.29,0,12,26
1877,2018,6,1,,1,16,2.45,18.6,1.61,0,22,14
1878,2018,6,2,,13,11,1.49,19.69,2.76,0,4,30
1879,2018,6,3,,4,15,2.08,19.49,1.8,0,16,14
1880,2018,6,8,,14,3,2.48,22.76,1.58,0,22,23
1881,2018,6,8,,10,1,2.01,19.67,1.86,0,16,18
1882,2018,6,9,,5,9,2.86,20.74,1.46,0,14,34
1883,2018,6,9,,11,4,3.29,23.43,1.35,0,16,18
1884,2018,6,9,,13,6,2.16,19.86,1.75,0,20,14
1885,2018,6,10,,16,15,1.5,20.77,2.69,0,24,16
1886,2018,6,10,,7,8,1.5,19.77,2.72,0,32,16
1887,2018,6,11,,2,12,3.22,20.61,1.39,0,16,18
1888,2018,6,14,,13,1,4.04,23.92,1.27,0,24,42
1889,2018,6,15,,6,9,1.75,19.23,2.19,0,16,23
1890,2018,6,15,,4,3,2.14,19.03,1.79,0,32,6
1891,2018,6,16,,2,10,1.56,19.4,2.56,0,10,32
1892,2018,6,16,,12,5,1.27,21.95,4.04,0,32,8
1893,2018,6,16,,16,8,1.58,19.84,2.5,0,16,20
1894,2018,6,17,,11,7,2.03,18.04,1.87,0,10,28
1895,2018,6,17,,15,14,3.88,22.36,1.28,0,12,48
1896,2018,6,28,,12,13,1.3,23.7,3.69,0,20,18
1897,2018,6,29,,9,16,2.26,19.33,1.69,0,15,18
1898,2018,6,29,,4,7,1.78,19.19,2.12,0,8,9
1899,2018,6,30,,3,5,1.68,18.87,2.29,0,10,18
1900,2018,6,30,,11,2,1.51,20.14,2.68,0,16,36
1901,2018,6,30,,8,14,1.35,21.7,3.3,0,26,22
1902,2018,7,1,,15,10,1.33,23.7,3.48,0,12,30
1903,2018,7,1,,1,6,1.5,19.97,2.71,0,21,20
1904,2018,7,5,,7,12,1.57,19.51,2.49,0,52,30
1905,2018,7,6,,3,9,2.73,19.2,1.5,0,36,4
1906,2018,7,7,,2,14,2.85,19.24,1.44,0,28,32
1907,2018,7,8,,10,8,2.15,19.28,1.74,0,0,34
1916,2018,7,13,,3,16,2.11,19.94,1.78,0,12,24
1917,2018,7,13,,11,13,2.59,19.53,1.55,0,18,16
1918,2018,7,14,,2,1,1.55,20.12,2.55,0,6,24
1919,2018,7,14,,5,7,2.08,19.67,1.81,0,13,14
1920,2018,7,14,,14,6,4.09,23.55,1.26,0,38,12
1921,2018,7,15,,8,9,2.09,19.73,1.8,0,6,26
1922,2018,7,15,,12,15,1.37,20.81,3.26,0,16,20
1923,2018,7,15,,10,4,1.58,20.19,2.49,0,12,20
1924,2018,7,19,,13,2,1.63,19.17,2.35,0,14,8
1925,2018,7,20,,16,14,1.78,18.06,2.11,0,28,24
1926,2018,7,20,,8,3,1.46,19.23,2.82,0,50,18
1927,2018,7,21,,11,10,2.41,19.55,1.59,0,30,24
1928,2018,7,21,,15,1,3.41,23.53,1.33,0,22,6
1929,2018,7,21,,6,12,1.84,19.81,2.01,0,10,24
1930,2018,7,22,,9,7,2.7,19.69,1.5,0,6,12
1931,2018,7,22,,5,4,2.61,19.78,1.52,0,24,56
1932,2018,7,22,,8,16,1.66,19.49,2.28,0,12,10
1933,2018,7,22,,6,11,3.02,19.8,1.41,0,20,18
1934,2018,7,22,,2,15,1.53,19.82,2.57,0,16,4
1935,2018,7,22,,5,3,1.3,23.59,3.65,0,24,28
1936,2018,7,22,,1,13,1.22,23.44,4.46,0,26,20
1937,2018,7,22,,7,14,2.47,18.59,1.57,0,44,10
1938,2018,7,22,,10,9,1.63,20.15,2.36,0,36,12
1939,2018,7,22,,4,12,2.33,19.93,1.65,0,36,18
1940,2018,8,2,,2,8,3.67,21.83,1.29,0,36,22
1941,2018,8,3,,11,15,2.14,18.78,1.72,0,16,25
1942,2018,8,3,,1,7,2.02,18.87,1.83,0,30,20
1943,2018,8,4,,12,9,1.21,23.4,4.48,0,12,18
1944,2018,8,4,,13,10,1.7,19.08,2.18,0,28,12
1945,2018,8,4,,4,6,1.39,20.14,3.06,0,26,20
1946,2018,8,5,,16,5,1.45,19.15,2.79,-1,32,33
1947,2018,8,5,,3,14,1.33,22.11,3.4,0,40,31
1948,2018,8,9,,6,8,2.09,19.74,1.79,0,34,30
1949,2018,8,10,,9,11,1.91,18.77,1.95,0,20,4
1950,2018,8,10,,1,4,1.32,23.38,3.52,0,14,18
1951,2018,8,11,,10,3,2.6,19.86,1.52,0,16,17
1952,2018,8,11,,5,2,1.5,20.39,2.72,0,18,6
1953,2018,8,11,,13,12,3.06,23.2,1.4,0,40,4
1954,2018,8,12,,14,15,1.46,18.33,2.8,0,20,22
1955,2018,8,12,,7,16,1.56,19.65,2.51,0,14,17
1956,2018,8,16,,8,1,1.93,19.2,1.93,0,38,18
1957,2018,8,16,,5,10,1.22,24.88,4.48,0,34,42
1958,2018,8,16,,7,13,1.45,20.78,2.84,0,20,4
1959,2018,8,16,,3,11,1.34,21.71,3.38,0,12,20
1960,2018,8,16,,15,12,1.69,18.87,2.23,0,10,20
1961,2018,8,16,,16,6,1.29,24.29,3.78,0,28,16
1962,2018,8,16,,2,9,2.79,21.6,1.46,0,27,26
1963,2018,8,16,,14,4,2.57,19.92,1.53,0,14,12
1964,2018,8,16,,15,5,1.49,21.1,2.65,0,22,20
1965,2018,8,16,,9,3,1.49,19.81,2.7,0,36,16
1966,2018,8,16,,6,13,1.71,19.96,2.16,0,44,6
1967,2018,8,16,,14,1,1.46,21.14,2.74,0,24,12
1968,2018,8,16,,10,7,2.75,23.14,1.45,0,8,10
1969,2018,8,16,,4,8,2.62,22.16,1.51,0,8,22
1970,2018,8,16,,16,11,1.52,20.36,2.58,0,38,12
1971,2018,8,16,,12,2,1.25,25.21,3.95,0,0,38
1972,2018,8,30,,1,15,1.3,22.98,3.69,0,51,10
1973,2018,8,31,,9,14,2.12,19.2,1.77,0,20,16
1974,2018,8,31,,7,3,1.5,21.1,2.69,0,16,22
1975,2018,9,1,,11,12,5.31,26.82,1.17,0,14,24
1976,2018,9,1,,10,6,2.53,21.31,1.55,0,26,30
1977,2018,9,1,,13,4,2.13,20.53,1.75,0,10,44
1978,2018,9,2,,2,16,1.23,24.99,4.36,0,18,30
1979,2018,9,2,,8,5,2.61,22.33,1.52,0,48,16
1980,2018,9,2,,7,1,1.84,19.35,2.04,0,29,28
1981,2018,9,2,,3,9,1.62,19.22,2.39,0,27,12
1982,2018,9,2,,4,16,1.8,19.48,2.08,0,21,12
1983,2018,9,2,,8,12,1.3,22.74,3.7,0,18,48
1984,2018,9,14,,16,3,1.73,19.56,2.16,0,21,20
1985,2018,9,15,,7,12,1.25,25.04,4.08,0,13,12
1986,2018,9,21,,7,16,1.34,20.52,3.43,0,22,6
1987,2018,9,22,,4,1,1.81,17.57,2.1,0,12,4
1988,2018,9,30,,4,7,2.12,16.97,1.81,0,21,6
