1,2009,6,19,,5,11,1.24,3.93,,,131,83
2,2009,6,20,,16,4,1.93,1.75,,,66,89
3,2009,6,21,,6,7,7.25,1.08,,,75,94
4,2009,6,26,,5,3,2.55,1.48,,,136,67
5,2009,6,27,,4,6,1.12,5.94,,,169,85
6,2009,6,27,,1,16,1.25,3.75,,,85,69
7,2009,6,27,,17,10,2.77,1.42,,,107,87
8,2009,6,27,,2,11,1.06,8.25,,,111,56
9,2009,6,28,,7,13,1.05,8.63,,,122,88
10,2009,6,28,,12,18,5.03,1.16,,,86,108
11,2009,6,28,,15,14,1.07,7.63,,,92,36
12,2009,7,3,,4,5,1.5,2.5,,,102,67
13,2009,7,4,,11,17,1.96,1.75,,,112,92
14,2009,7,4,,13,2,2.3,1.57,,,128,80
15,2009,7,4,,14,1,3.78,1.25,,,85,102
16,2009,7,4,,18,10,1.4,2.8,,,133,45
17,2009,7,5,,16,12,1.31,3.32,,,100,85
18,2009,7,5,,6,3,2.28,1.57,,,100,115
19,2009,7,5,,15,7,2.3,1.56,,,91,85
20,2009,7,10,,18,4,1.56,2.34,,,110,111
21,2009,7,11,,16,5,1.66,2.14,,,72,107
22,2009,7,11,,3,14,1.25,3.76,,,109,89
23,2009,7,11,,2,7,2.28,1.57,,,108,65
24,2009,7,11,,1,6,1.14,5.44,,,130,13
25,2009,7,12,,17,15,4.7,1.17,,,70,90
26,2009,7,12,,10,12,1.5,2.5,,,73,64
27,2009,7,12,,11,13,2.89,1.38,,,101,90
28,2009,7,17,,5,18,3.1,1.36,,,70,103
29,2009,7,18,,3,16,1.23,3.91,,,124,63
30,2009,7,18,,7,11,1.04,10.25,,,117,71
31,2009,7,18,,6,2,3.14,1.34,,,47,62
32,2009,7,18,,4,10,1.38,2.9,,,76,121
33,2009,7,19,,13,17,1.16,4.85,,,112,76
34,2009,7,19,,14,12,1.93,1.79,,,85,85
35,2009,7,19,,15,1,1.34,3.15,,,105,48
36,2009,7,24,,3,4,1.95,1.76,,,40,94
37,2009,7,25,,6,17,1.66,2.14,,,71,66
38,2009,7,25,,7,10,1.39,2.95,,,99,98
39,2009,7,25,,15,18,1.51,2.44,,,106,61
40,2009,7,25,,2,12,1.15,5.03,,,116,75
41,2009,7,26,,11,16,3.23,1.33,,,50,68
42,2009,7,26,,5,14,1.28,3.62,,,96,101
43,2009,7,26,,1,13,1.53,2.4,,,132,62
44,2009,7,31,,12,3,3.38,1.3,,,84,94
45,2009,8,1,,7,1,1.25,3.7,,,93,91
46,2009,8,1,,18,6,1.04,10.88,,,111,80
47,2009,8,1,,16,15,5.43,1.13,,,93,94
48,2009,8,1,,4,2,1.37,3.06,,,95,55
49,2009,8,2,,11,14,3.7,1.26,,,82,86
50,2009,8,2,,17,5,2.79,1.41,,,95,68
51,2009,8,2,,13,10,2.63,1.45,,,121,103
52,2009,8,7,,3,7,3.15,1.35,,,97,62
53,2009,8,8,,10,15,1.52,2.45,,,49,74
54,2009,8,8,,18,17,1.06,8.38,,,97,102
55,2009,8,8,,5,2,2.4,1.54,,,87,87
56,2009,8,8,,1,4,1.84,1.87,,,68,89
57,2009,8,9,,12,11,1.34,3.17,,,123,61
58,2009,8,9,,14,16,1.79,1.92,,,68,123
59,2009,8,9,,6,13,2.48,1.5,,,116,74
60,2009,8,14,,10,1,2.14,1.67,,,67,94
61,2009,8,15,,14,4,6.44,1.1,,,59,152
62,2009,8,15,,17,12,1.37,2.93,,,110,72
63,2009,8,15,,16,7,2.61,1.45,,,87,92
64,2009,8,15,,2,18,1.75,1.98,,,84,102
65,2009,8,16,,11,6,2.18,1.63,,,127,64
66,2009,8,16,,13,3,1.91,1.8,,,67,121
67,2009,8,16,,5,15,5.5,1.13,,,110,108
68,2009,8,21,,18,7,2.24,1.61,,,110,96
69,2009,8,22,,3,11,1.07,7.63,,,153,96
70,2009,8,22,,1,17,1.16,4.9,,,122,48
71,2009,8,22,,14,10,3.03,1.36,,,93,135
72,2009,8,22,,2,13,1.18,4.6,,,107,92
73,2009,8,23,,15,12,1.06,8.6,,,59,64
74,2009,8,23,,4,16,1.2,4.36,,,97,56
75,2009,8,23,,6,5,1.84,1.87,,,141,87
76,2009,8,28,,17,14,1.21,4.27,,,125,45
77,2009,8,29,,7,6,1.05,9,,,94,54
78,2009,8,29,,10,5,2.03,1.71,,,99,116
79,2009,8,29,,3,1,1.81,1.93,,,104,176
80,2009,8,29,,16,2,1.67,2.12,,,92,100
81,2009,8,29,,13,12,1.38,2.94,,,67,71
82,2009,8,30,,11,15,12,1.02,,,67,114
83,2009,8,30,,4,18,1.71,2.08,,,76,100
84,2009,9,4,,1,5,1.1,6.5,,,166,70
85,2009,9,5,,7,18,1.83,1.93,,,96,82
86,2009,9,5,,2,3,1.87,1.86,,,111,104
87,2009,9,6,,15,4,1.6,2.25,,,80,52
88,2009,9,11,,18,2,1.26,3.7,,,107,56
89,2009,9,12,,4,1,2.18,1.66,,,83,78
90,2009,9,18,,15,18,1.36,3.05,,,60,53
91,2009,9,19,,7,4,1.34,3.18,,,120,47
92,2009,9,26,,15,7,2.2,1.63,,,68,80
93,2010,3,25,,14,3,2.88,1.42,,,64,120
94,2010,3,26,,7,5,1.21,4.28,,,125,94
95,2010,3,27,,11,10,4.42,1.2,,,61,117
96,2010,3,27,,16,15,2.44,1.53,,,88,96
97,2010,3,27,,2,17,1.28,3.63,,,114,82
98,2010,3,28,,13,12,1.41,2.83,,,96,82
99,2010,3,28,,18,4,1.62,2.25,,,93,129
100,2010,3,28,,6,1,1.94,1.8,,,118,62
101,2010,4,1,,2,3,1.32,3.45,,,107,88
102,2010,4,3,,4,11,1.05,10.33,,,86,85
103,2010,4,3,,17,13,1.58,2.31,,,86,89
104,2010,4,3,,15,12,1.13,5.58,,,143,39
105,2010,4,4,,1,16,1.54,2.42,,,75,118
106,2010,4,4,,5,6,1.46,2.66,,,69,113
107,2010,4,4,,14,18,10,1.06,,,48,120
108,2010,4,5,,10,7,2.4,1.56,,,91,100
109,2010,4,9,,15,4,1.32,3.3,,,69,41
110,2010,4,10,,12,17,1.85,1.91,,,116,91
111,2010,4,10,,13,2,1.84,1.92,,,81,108
112,2010,4,10,,3,5,1.45,2.7,,,75,95
113,2010,4,10,,16,14,1.1,7,,,111,56
114,2010,4,11,,11,1,2.6,1.49,,,57,41
115,2010,4,11,,18,10,1.47,2.63,,,100,84
116,2010,4,11,,6,7,2.05,1.72,,,125,118
117,2010,4,16,,17,5,1.58,2.32,,,101,78
118,2010,4,17,,12,16,2.57,1.48,,,60,100
119,2010,4,17,,1,3,1.77,1.97,,,55,103
120,2010,4,17,,2,18,1.95,1.78,,,101,79
121,2010,4,17,,4,10,1.59,2.31,,,123,59
122,2010,4,18,,14,11,3.35,1.31,,,78,133
123,2010,4,18,,7,13,1.13,5.7,,,159,64
124,2010,4,18,,15,6,1.31,3.31,,,108,93
125,2010,4,23,,18,1,1.1,6.3,,,121,72
126,2010,4,24,,16,17,1.15,4.91,,,115,63
127,2010,4,24,,11,2,3.33,1.31,,,103,53
128,2010,4,24,,13,15,3.55,1.28,,,54,44
129,2010,4,25,,4,5,1.27,3.6,,,120,55
130,2010,4,25,,10,12,1.32,3.28,,,70,82
131,2010,4,25,,6,14,1.04,10.5,,,112,73
132,2010,4,26,,3,7,4.38,1.19,,,104,68
133,2010,4,30,,18,15,1.67,2.13,,,46,49
134,2010,5,1,,12,11,1.99,1.75,,,104,78
135,2010,5,1,,1,13,2.42,1.53,,,74,97
136,2010,5,1,,5,10,2.58,1.47,,,106,63
137,2010,5,1,,16,2,1.52,2.43,,,107,87
138,2010,5,2,,7,14,1.03,12.25,,,161,53
139,2010,5,2,,3,4,2.44,1.52,,,102,155
140,2010,5,2,,17,6,2.84,1.4,,,73,111
141,2010,5,7,,11,18,4.05,1.23,,,66,70
142,2010,5,8,,17,10,1.6,2.3,,,102,94
143,2010,5,8,,5,13,1.74,2,,,106,109
144,2010,5,8,,2,6,1.47,2.62,,,100,113
145,2010,5,8,,4,12,1.19,4.55,,,157,91
146,2010,5,9,,7,16,1.27,3.71,,,126,59
147,2010,5,9,,1,14,1.19,4.54,,,104,54
148,2010,5,10,,15,3,1.43,2.77,,,68,129
149,2010,5,14,,6,4,2,1.76,,,97,133
150,2010,5,15,,18,16,1.56,2.35,,,101,63
151,2010,5,15,,11,17,1.35,3.09,,,46,75
152,2010,5,15,,2,7,3.38,1.31,,,74,155
153,2010,5,15,,12,1,1.61,2.24,,,84,75
154,2010,5,16,,14,10,4.94,1.16,,,86,89
155,2010,5,16,,13,3,1.82,1.92,,,92,118
156,2010,5,16,,15,5,1.4,2.81,,,81,93
157,2010,5,21,,4,7,1.95,1.78,,,50,86
158,2010,5,22,,12,18,4.21,1.22,,,57,127
159,2010,5,22,,16,6,1.68,2.13,,,63,100
160,2010,5,22,,11,13,2.32,1.57,,,111,110
161,2010,5,22,,5,14,1.26,3.81,,,130,95
162,2010,5,23,,1,2,2.1,1.69,,,93,81
163,2010,5,23,,3,10,1.35,3.1,,,60,110
164,2010,5,23,,17,15,1.99,1.75,,,56,91
165,2010,5,28,,5,18,3.2,1.33,,,99,90
166,2010,5,29,,7,11,1.04,10.25,,,121,67
167,2010,5,29,,13,14,1.18,4.61,,,30,77
168,2010,5,29,,2,4,3.54,1.28,,,88,80
169,2010,5,29,,15,1,1.23,4.08,,,123,76
170,2010,5,30,,10,16,1.31,3.35,,,79,77
171,2010,5,30,,3,17,1.19,4.48,,,105,76
172,2010,5,30,,6,12,1.12,5.94,,,139,78
173,2010,6,4,,14,15,5.69,1.12,,,59,97
174,2010,6,5,,3,11,1.36,3.01,,,101,60
175,2010,6,5,,1,6,2.8,1.41,,,105,82
176,2010,6,5,,17,7,6.06,1.11,,,98,122
177,2010,6,5,,12,2,2.35,1.56,,,90,89
178,2010,6,6,,16,5,1.71,2.06,,,89,80
179,2010,6,6,,10,13,1.41,2.78,,,74,63
180,2010,6,6,,4,18,1.67,2.11,,,113,103
181,2010,6,11,,12,3,3.7,1.27,,,97,68
182,2010,6,12,,10,1,1.39,2.91,,,124,77
183,2010,6,12,,5,7,4.18,1.22,,,83,154
184,2010,6,12,,13,16,1.77,1.97,,,55,93
185,2010,6,13,,14,17,1.82,1.93,,,126,77
186,2010,6,13,,18,2,1.24,4.02,,,121,56
187,2010,6,13,,6,15,1.64,2.18,,,67,85
188,2010,6,14,,11,4,4.98,1.16,,,76,76
189,2010,6,18,,10,5,1.55,2.39,,,102,86
190,2010,6,19,,3,6,1.62,2.23,,,87,96
191,2010,6,19,,2,14,1.41,2.82,,,86,105
192,2010,6,20,,12,13,1.35,3.08,,,129,93
193,2010,6,20,,17,18,3.25,1.33,,,59,119
194,2010,6,25,,15,7,3.09,1.34,,,70,46
195,2010,6,26,,16,4,2.23,1.62,,,71,96
196,2010,6,27,,1,11,1.59,2.28,,,117,73
197,2010,7,1,,3,2,1.25,3.85,,,120,65
198,2010,7,2,,10,18,2.3,1.57,,,79,76
199,2010,7,3,,6,13,1.11,6.13,,,115,58
200,2010,7,3,,4,17,1.06,9,,,135,52
201,2010,7,3,,1,5,1.58,2.3,,,124,40
202,2010,7,4,,7,12,1.14,5.38,,,98,63
203,2010,7,4,,14,16,2.14,1.66,,,89,85
204,2010,7,4,,15,11,1.12,5.81,,,100,65
205,2010,7,9,,13,4,5.06,1.15,,,79,105
206,2010,7,10,,17,1,2.63,1.46,,,95,117
207,2010,7,10,,7,10,1.33,3.18,,,85,83
208,2010,7,10,,2,15,4.21,1.21,,,65,79
209,2010,7,10,,14,6,2.61,1.46,,,100,81
210,2010,7,11,,16,12,1.42,2.78,,,85,55
211,2010,7,11,,11,5,1.89,1.86,,,122,103
212,2010,7,11,,3,18,2.5,1.5,,,58,126
213,2010,7,16,,1,7,3.5,1.29,,,74,63
214,2010,7,17,,4,15,2.05,1.71,,,100,52
215,2010,7,17,,10,2,1.27,3.62,,,118,43
216,2010,7,17,,5,17,1.4,2.85,,,100,132
217,2010,7,17,,18,13,1.15,5.08,,,83,47
218,2010,7,18,,3,16,1.57,2.31,,,68,107
219,2010,7,18,,14,12,1.74,2.01,,,53,103
220,2010,7,18,,6,11,1.2,4.33,,,82,71
221,2010,7,23,,15,10,1.72,2.04,,,87,87
222,2010,7,24,,4,14,1.1,6.5,,,127,45
223,2010,7,24,,7,2,1.06,8.69,,,127,64
224,2010,7,24,,17,3,1.84,1.88,,,83,109
225,2010,7,24,,12,5,1.43,2.73,,,119,122
226,2010,7,25,,18,6,1.3,3.43,,,158,76
227,2010,7,25,,11,16,2.28,1.59,,,142,69
228,2010,7,25,,13,1,3.36,1.3,,,88,69
229,2010,7,30,,5,15,4.74,1.17,,,108,75
230,2010,7,31,,4,3,1.19,4.48,,,105,57
231,2010,7,31,,13,10,3.14,1.33,,,92,84
232,2010,7,31,,16,7,4.07,1.23,,,72,125
233,2010,7,31,,2,11,1.75,2,,,64,74
234,2010,8,1,,14,1,2.25,1.61,,,100,80
235,2010,8,1,,18,12,1.16,5.02,,,143,72
236,2010,8,1,,6,17,1.39,2.91,,,160,85
237,2010,8,6,,5,3,1.91,1.81,,,73,149
238,2010,8,7,,16,10,2.01,1.74,,,129,85
239,2010,8,7,,12,6,1.83,1.9,,,123,69
240,2010,8,7,,17,2,1.61,2.25,,,65,70
241,2010,8,7,,7,4,1.76,1.99,,,85,107
242,2010,8,8,,15,13,1.2,4.4,,,151,57
243,2010,8,8,,11,14,1.52,2.47,,,109,80
244,2010,8,8,,1,18,3.21,1.33,,,53,61
245,2010,8,13,,5,4,6.64,1.1,,,64,162
246,2010,8,14,,6,16,1.62,2.23,,,87,96
247,2010,8,14,,3,14,1.3,3.42,,,156,67
248,2010,8,14,,18,7,2.38,1.56,,,60,161
249,2010,8,14,,13,17,1.33,3.25,,,61,60
250,2010,8,15,,2,1,2.06,1.7,,,97,104
251,2010,8,15,,10,11,1.63,2.22,,,99,78
252,2010,8,15,,12,15,3.98,1.24,,,63,115
253,2010,8,20,,7,3,1.17,4.82,,,121,79
254,2010,8,21,,10,6,1.09,7.25,,,155,39
255,2010,8,21,,15,14,1.08,7.7,,,115,94
256,2010,8,21,,16,18,2.05,1.72,,,114,70
257,2010,8,21,,4,1,1.05,9.75,,,54,51
258,2010,8,22,,13,11,1.92,1.81,,,112,83
259,2010,8,22,,5,2,1.63,2.21,,,68,95
260,2010,8,22,,17,12,2.25,1.61,,,94,110
261,2010,8,27,,6,3,1.53,2.4,,,93,87
262,2010,8,28,,7,17,1.02,14.5,,,112,68
263,2010,8,28,,10,4,2.5,1.5,,,98,95
264,2010,8,28,,1,15,2.53,1.49,,,65,37
265,2010,8,28,,2,16,2.81,1.41,,,68,106
266,2010,8,28,,18,5,1.18,4.61,,,107,78
267,2010,8,29,,14,13,1.62,2.22,,,112,122
268,2010,8,29,,11,12,1.87,1.86,,,103,113
269,2010,9,3,,7,15,1.37,3.05,,,79,83
270,2010,9,4,,6,10,2.16,1.66,,,94,64
271,2010,9,4,,4,18,1.24,3.91,,,124,62
272,2010,9,5,,16,3,1.45,2.65,,,99,94
273,2010,9,10,,7,6,1.1,6.54,,,135,66
274,2010,9,11,,18,16,1.89,1.86,,,77,72
275,2010,9,17,,4,7,1.79,1.94,,,120,79
276,2010,9,18,,15,18,1.19,4.42,,,88,64
277,2010,9,25,,4,15,1.41,2.88,,,68,68
278,2010,10,2,,4,15,1.59,2.33,,,108,52
279,2011,3,24,,3,14,1.29,3.51,,,104,84
280,2011,3,25,,7,15,2.18,1.68,,,48,47
281,2011,3,26,,4,13,1.08,7.99,,,155,80
282,2011,3,26,,1,10,1.92,1.85,,,105,85
283,2011,3,26,,2,6,1.98,1.79,,,92,94
284,2011,3,27,,5,18,2.31,1.59,,,113,58
285,2011,3,27,,11,16,1.78,1.99,,,84,84
286,2011,3,27,,17,12,1.61,2.27,,,92,88
287,2011,4,1,,15,14,1.23,4.15,,,95,95
288,2011,4,2,,12,4,6.7,1.1,,,56,143
289,2011,4,2,,13,17,1.45,2.72,,,98,116
290,2011,4,2,,6,7,1.67,2.15,,,78,89
291,2011,4,2,,8,3,3.96,1.25,,,52,171
292,2011,4,3,,18,2,1.12,6.34,,,123,45
293,2011,4,3,,16,5,1.8,1.97,,,98,93
294,2011,4,3,,10,11,1.41,2.83,,,122,77
295,2011,4,8,,4,3,1.22,4.32,,,102,74
296,2011,4,9,,18,8,1.02,14.29,,,122,51
297,2011,4,9,,1,6,1.49,2.6,,,54,79
298,2011,4,9,,17,16,1.9,1.86,,,88,101
299,2011,4,9,,14,10,3.72,1.27,,,52,115
300,2011,4,10,,11,2,1.18,4.65,,,82,71
301,2011,4,10,,7,13,1.07,7.96,,,122,43
302,2011,4,10,,15,5,1.81,1.95,,,84,136
303,2011,4,15,,14,4,9.79,1.05,,,90,161
304,2011,4,16,,3,5,1.89,1.86,,,79,79
305,2011,4,16,,10,17,1.11,6.27,,,72,65
306,2011,4,16,,16,7,2.07,1.72,,,54,81
307,2011,4,16,,13,1,2.78,1.42,,,98,66
308,2011,4,17,,8,11,8.79,1.07,,,69,159
309,2011,4,17,,6,12,1.18,4.82,,,127,98
310,2011,4,21,,2,15,3.66,1.28,,,76,89
311,2011,4,23,,13,8,1.05,10.58,,,101,104
312,2011,4,23,,3,1,1.28,3.68,,,85,79
313,2011,4,24,,12,14,1.82,1.94,,,103,112
314,2011,4,25,,5,4,4.26,1.22,,,77,107
315,2011,4,25,,6,18,1.67,2.15,,,85,78
316,2011,4,26,,10,7,2.02,1.75,,,98,117
317,2011,4,28,,17,11,1.56,2.41,,,106,52
318,2011,4,29,,16,3,1.66,2.19,,,71,87
319,2011,4,30,,12,13,1.45,2.72,,,133,73
320,2011,4,30,,14,2,1.4,2.93,,,124,98
321,2011,4,30,,1,15,1.76,2.01,,,90,71
322,2011,5,1,,5,8,1.03,12.75,,,197,58
323,2011,5,1,,4,18,1.12,6.13,,,105,57
324,2011,5,6,,13,10,4.45,1.2,,,72,104
325,2011,5,7,,18,16,1.69,2.12,,,65,73
326,2011,5,7,,7,12,1.07,8.35,,,127,61
327,2011,5,7,,14,6,2.2,1.64,,,148,99
328,2011,5,7,,8,2,6.33,1.12,,,124,116
329,2011,5,8,,5,17,1.2,4.4,,,106,90
330,2011,5,8,,11,1,1.81,1.96,,,149,53
331,2011,5,9,,15,3,2.84,1.41,,,81,84
332,2011,5,13,,7,4,2.62,1.48,,,65,62
333,2011,5,14,,12,11,1.81,1.95,,,124,83
334,2011,5,14,,1,8,1.14,5.65,,,130,73
335,2011,5,14,,2,5,4.43,1.2,,,66,102
336,2011,5,14,,16,13,1.12,6.12,,,121,59
337,2011,5,15,,10,15,1.42,2.82,,,99,69
338,2011,5,15,,18,14,1.66,2.18,,,153,118
339,2011,5,15,,17,6,1.96,1.8,,,96,63
340,2011,5,20,,3,7,2.74,1.44,,,100,102
341,2011,5,21,,15,11,1.4,2.9,,,106,86
342,2011,5,21,,13,6,2.39,1.56,,,90,142
343,2011,5,21,,14,5,2.73,1.44,,,105,89
344,2011,5,21,,2,12,1.88,1.87,,,73,59
345,2011,5,22,,4,1,1.05,9.88,,,135,92
346,2011,5,22,,16,10,1.74,2.05,,,60,106
347,2011,5,22,,17,18,1.67,2.15,,,175,52
348,2011,5,27,,11,3,5.64,1.14,,,46,93
349,2011,5,28,,6,15,1.58,2.35,,,56,102
350,2011,5,28,,12,16,2.02,1.76,,,71,72
351,2011,5,28,,8,7,12.5,1.03,,,73,139
352,2011,5,28,,14,13,1.24,4.06,,,74,89
353,2011,5,29,,1,2,1.26,3.79,,,61,101
354,2011,5,29,,4,17,1.22,4.24,,,105,53
355,2011,5,29,,18,10,3.37,1.32,,,62,91
356,2011,6,3,,5,11,1.24,4.02,,,68,101
357,2011,6,4,,17,8,1.05,9.75,,,85,67
358,2011,6,4,,7,18,1.11,6.55,,,148,87
359,2011,6,4,,4,15,1.18,4.72,,,108,51
360,2011,6,4,,2,16,1.84,1.91,,,51,116
361,2011,6,5,,10,6,1.19,4.59,,,111,89
362,2011,6,5,,12,1,1.6,2.29,,,115,68
363,2011,6,5,,13,3,4.32,1.21,,,49,111
364,2011,6,10,,15,18,1.4,2.89,,,81,57
365,2011,6,11,,1,17,2.2,1.64,,,67,106
366,2011,6,11,,8,12,3.34,1.32,,,63,122
367,2011,6,11,,7,10,1.44,2.73,,,88,83
368,2011,6,12,,3,2,1.06,9.33,,,124,63
369,2011,6,12,,16,14,1.25,3.86,,,75,65
370,2011,6,12,,6,5,1.76,2.01,,,98,64
371,2011,6,13,,11,4,4.63,1.19,,,41,129
372,2011,6,17,,18,1,1.29,3.48,,,100,70
373,2011,6,18,,5,12,1.65,2.18,,,90,111
374,2011,6,18,,10,8,1.02,14.67,,,129,58
375,2011,6,18,,15,7,3.65,1.27,,,72,100
376,2011,6,18,,2,14,2.12,1.69,,,94,125
377,2011,6,19,,11,6,1.73,2.06,,,149,60
378,2011,6,19,,3,16,1.28,3.59,,,100,66
379,2011,6,19,,17,13,1.07,8.45,,,110,88
380,2011,6,24,,10,5,1.61,2.28,,,146,81
381,2011,6,25,,8,18,5.24,1.15,,,88,110
382,2011,6,25,,14,11,1.95,1.81,,,91,118
383,2011,6,25,,6,2,1.17,4.96,,,88,65
384,2011,6,25,,16,4,5.46,1.15,,,93,99
385,2011,6,26,,7,1,1.06,8.92,,,125,73
386,2011,6,26,,3,17,1.22,4.19,,,67,103
387,2011,6,26,,13,12,2.59,1.48,,,91,136
388,2011,7,1,,18,11,2.01,1.75,,,127,63
389,2011,7,2,,6,8,1.1,6.56,,,112,62
390,2011,7,2,,14,3,3.85,1.25,,,81,184
391,2011,7,2,,5,7,7.76,1.08,,,115,111
392,2011,7,2,,1,16,2.78,1.42,,,57,50
393,2011,7,3,,2,13,1.41,2.85,,,99,88
394,2011,7,3,,4,10,1.3,3.49,,,106,65
395,2011,7,3,,12,15,1.97,1.79,,,70,79
396,2011,7,8,,17,7,2.25,1.62,,,96,88
397,2011,7,9,,10,2,1.09,7.06,,,105,63
398,2011,7,9,,8,16,5.7,1.13,,,36,106
399,2011,7,9,,5,14,1.51,2.51,,,105,66
400,2011,7,10,,4,12,1.07,8.28,,,147,30
401,2011,7,10,,13,15,3.63,1.27,,,53,109
402,2011,7,10,,18,3,3.35,1.31,,,96,69
403,2011,7,15,,1,5,2.05,1.72,,,73,84
404,2011,7,16,,3,4,5.16,1.16,,,79,98
405,2011,7,16,,14,8,1.13,5.85,,,70,85
406,2011,7,16,,15,17,1.76,2.01,,,82,61
407,2011,7,16,,11,13,1.27,3.65,,,113,92
408,2011,7,17,,16,6,1.28,3.61,,,87,98
409,2011,7,17,,2,7,7.26,1.09,,,104,133
410,2011,7,17,,12,18,3.04,1.37,,,142,111
411,2011,7,22,,15,1,1.13,6.03,,,127,24
412,2011,7,23,,16,18,1.51,2.54,,,114,75
413,2011,7,23,,12,2,1.12,6.24,,,122,77
414,2011,7,23,,8,4,15.8,1.02,,,75,129
415,2011,7,23,,5,3,2.87,1.41,,,79,153
416,2011,7,24,,7,14,1.06,8.8,,,113,51
417,2011,7,24,,11,10,4.37,1.21,,,78,132
418,2011,7,24,,6,17,2.69,1.46,,,64,65
419,2011,7,29,,12,3,3.52,1.3,,,62,80
420,2011,7,30,,18,17,2.29,1.61,,,95,103
421,2011,7,30,,7,11,1.07,8.33,,,233,47
422,2011,7,30,,6,10,2.49,1.54,,,44,95
423,2011,7,30,,8,15,7.4,1.08,,,54,74
424,2011,7,31,,4,5,1.07,8.45,,,166,92
425,2011,7,31,,1,13,1.61,2.29,,,111,79
426,2011,8,5,,15,6,1.14,5.51,,,113,72
427,2011,8,6,,7,8,1.01,17.03,,,188,38
428,2011,8,6,,3,11,1.13,5.74,,,134,58
429,2011,8,6,,13,4,13.17,1.03,,,21,159
430,2011,8,6,,5,16,1.84,1.89,,,100,99
431,2011,8,7,,2,1,1.68,2.13,,,105,110
432,2011,8,7,,10,12,1.17,4.82,,,103,86
433,2011,8,7,,17,14,1.08,7.56,,,147,90
434,2011,8,12,,15,4,5.89,1.12,,,70,89
435,2011,8,13,,6,3,2.97,1.38,,,85,115
436,2011,8,13,,10,13,1.02,15.46,,,197,32
437,2011,8,13,,18,5,2.23,1.63,,,101,150
438,2011,8,13,,2,8,1.36,3.08,,,123,61
439,2011,8,14,,11,17,4.45,1.2,,,62,110
440,2011,8,14,,14,16,3.42,1.3,,,99,56
441,2011,8,14,,1,7,8.8,1.06,,,85,96
442,2011,8,19,,3,10,2.39,1.56,,,66,78
443,2011,8,20,,17,5,1.24,3.97,,,134,77
444,2011,8,20,,8,1,4.66,1.19,,,64,125
445,2011,8,20,,12,6,1.34,3.18,,,143,45
446,2011,8,20,,4,2,1.01,16.12,,,102,84
447,2011,8,21,,16,15,2.24,1.62,,,83,68
448,2011,8,21,,13,18,4.79,1.17,,,97,157
449,2011,8,21,,11,14,2.06,1.72,,,110,117
450,2011,8,26,,6,4,13.75,1.02,,,52,132
451,2011,8,27,,10,18,1.1,6.79,,,113,67
452,2011,8,27,,7,16,1.07,8.35,,,86,99
453,2011,8,27,,2,17,3.44,1.3,,,81,89
454,2011,8,27,,15,12,1.71,2.08,,,135,70
455,2011,8,28,,1,14,1.35,3.15,,,99,121
456,2011,8,28,,11,8,1.1,6.78,,,112,82
457,2011,8,28,,5,13,1.03,12.5,,,120,113
458,2011,9,2,,4,7,1.35,3.14,,,53,149
459,2011,9,3,,8,10,5.25,1.16,,,97,106
460,2011,9,3,,18,6,1.11,6.39,,,107,61
461,2011,9,3,,16,2,1.13,5.68,,,119,67
462,2011,9,3,,17,1,1.14,5.41,,,145,50
463,2011,9,3,,3,15,1.71,2.08,,,66,86
464,2011,9,4,,13,11,2.24,1.63,,,112,104
465,2011,9,4,,14,12,2.2,1.64,,,91,104
466,2011,9,9,,7,10,1.63,2.22,,,98,67
467,2011,9,10,,4,17,1.19,4.59,,,82,62
468,2011,9,10,,15,16,1.4,2.9,,,57,82
469,2011,9,11,,3,5,1.39,2.94,,,149,87
470,2011,9,16,,10,16,1.42,2.81,,,122,86
471,2011,9,17,,17,3,1.4,2.9,,,101,98
472,2011,9,23,,4,10,1.27,3.65,,,68,65
473,2011,9,24,,7,17,1.2,4.54,,,117,69
474,2011,10,1,,4,7,1.96,1.8,,,81,119
475,2012,3,24,,9,16,13.78,1.02,,,37,100
476,2012,3,29,,14,3,2.48,1.52,,,81,125
477,2012,3,30,,10,4,1.65,2.19,,,137,115
478,2012,3,31,,11,2,1.42,2.81,,,78,119
479,2012,3,31,,8,1,4.39,1.22,,,68,137
480,2012,3,31,,6,7,1.96,1.79,,,105,101
481,2012,3,31,,12,5,2.14,1.66,,,102,104
482,2012,4,1,,18,17,2.25,1.6,,,87,136
483,2012,4,1,,13,15,2.86,1.41,,,89,85
484,2012,4,5,,2,3,3.46,1.3,,,63,154
485,2012,4,7,,5,13,1.23,4.05,,,111,86
486,2012,4,7,,16,6,1.67,2.15,,,94,81
487,2012,4,7,,17,11,1.05,10.34,,,166,58
488,2012,4,7,,4,14,1.14,5.49,,,85,64
489,2012,4,7,,1,18,1.21,4.26,,,82,64
490,2012,4,8,,12,9,1.01,15.94,,,183,54
491,2012,4,8,,15,8,1.05,9.56,,,139,47
492,2012,4,9,,7,10,2.48,1.53,,,92,90
493,2012,4,13,,3,4,1.83,1.93,,,122,62
494,2012,4,14,,14,11,1.21,4.39,,,133,74
495,2012,4,14,,13,16,2.58,1.48,,,83,105
496,2012,4,14,,6,2,1.09,7.32,,,64,35
497,2012,4,14,,18,15,2.49,1.52,,,40,103
498,2012,4,14,,8,5,9.66,1.05,,,88,105
499,2012,4,15,,9,17,23.86,1.01,,,69,150
500,2012,4,15,,10,1,1.17,4.9,,,140,84
501,2012,4,15,,12,7,4.09,1.22,,,131,114
502,2012,4,20,,15,6,1.4,2.87,,,79,92
503,2012,4,21,,3,5,1.11,6.62,,,79,109
504,2012,4,21,,4,13,1.22,4.1,,,97,73
505,2012,4,21,,1,9,1.01,21.67,,,96,50
506,2012,4,21,,17,10,1.6,2.29,,,51,46
507,2012,4,21,,2,8,1.36,3.02,,,111,46
508,2012,4,22,,7,14,1.15,5.19,,,75,65
509,2012,4,22,,16,12,1.88,1.86,,,113,77
510,2012,4,22,,11,18,2.99,1.37,,,67,88
511,2012,4,25,,4,5,1.68,2.15,,,80,79
512,2012,4,27,,6,3,2.18,1.66,,,57,65
513,2012,4,28,,9,18,11.93,1.03,,,62,104
514,2012,4,28,,12,8,1.01,15.53,,,127,93
515,2012,4,28,,11,15,6.64,1.1,,,66,84
516,2012,4,28,,2,7,3.61,1.28,,,41,79
517,2012,4,29,,10,16,1.31,3.38,,,69,106
518,2012,4,29,,14,17,3.13,1.35,,,97,107
519,2012,4,29,,1,13,1.51,2.53,,,110,91
520,2012,5,4,,18,4,6.83,1.1,,,77,98
521,2012,5,5,,5,2,1.15,5.48,,,129,62
522,2012,5,5,,7,11,1.03,11.68,,,119,76
523,2012,5,5,,8,6,6.45,1.11,,,87,94
524,2012,5,5,,16,1,1.26,3.82,,,94,99
525,2012,5,5,,15,10,3.6,1.28,,,88,123
526,2012,5,6,,3,9,1.01,23.67,,,110,43
527,2012,5,6,,13,14,2.19,1.66,,,54,91
528,2012,5,6,,17,12,1.28,3.61,,,120,95
529,2012,5,11,,11,10,11.5,1.03,,,49,115
530,2012,5,12,,1,7,2.04,1.76,,,122,72
531,2012,5,12,,9,8,3.95,1.25,,,94,67
532,2012,5,12,,14,16,1.82,1.94,,,91,62
533,2012,5,12,,5,17,1.57,2.37,,,113,52
534,2012,5,12,,2,4,4.9,1.17,,,58,116
535,2012,5,13,,12,18,1.32,3.39,,,83,101
536,2012,5,13,,6,13,1.14,5.69,,,87,47
537,2012,5,14,,15,3,4.03,1.24,,,122,98
538,2012,5,18,,4,7,1.61,2.29,,,96,84
539,2012,5,19,,13,12,2.64,1.47,,,95,93
540,2012,5,19,,10,6,1.19,4.61,,,119,63
541,2012,5,19,,16,11,1.09,7.4,,,138,37
542,2012,5,19,,18,8,1.14,5.48,,,72,34
543,2012,5,19,,5,14,1.49,2.59,,,128,109
544,2012,5,20,,2,9,1.15,5.54,,,132,40
545,2012,5,20,,3,1,1.41,2.85,,,55,124
546,2012,5,20,,17,15,1.38,2.99,,,121,91
547,2012,5,25,,18,7,4.78,1.18,,,75,95
548,2012,5,26,,14,10,3.61,1.28,,,137,75
549,2012,5,26,,8,13,2.55,1.5,,,70,118
550,2012,5,26,,15,16,1.89,1.86,,,111,83
551,2012,5,26,,9,5,17.14,1.01,,,53,119
552,2012,5,26,,1,4,1.46,2.68,,,49,75
553,2012,5,27,,12,2,1.24,4.04,,,112,96
554,2012,5,27,,3,11,1.04,10.33,,,107,49
555,2012,5,27,,17,6,1.35,3.12,,,84,36
556,2012,6,1,,15,14,1.85,1.91,,,113,121
557,2012,6,2,,7,9,1.01,19.57,,,126,61
558,2012,6,2,,10,12,1.26,3.81,,,174,59
559,2012,6,2,,6,1,2.37,1.57,,,82,111
560,2012,6,2,,13,3,3.11,1.36,,,99,45
561,2012,6,2,,5,11,1.04,10.88,,,52,58
562,2012,6,3,,2,17,4.67,1.19,,,102,100
563,2012,6,3,,16,18,1.28,3.59,,,132,40
564,2012,6,3,,4,8,1.01,16.31,,,149,52
565,2012,6,8,,3,7,2.74,1.44,,,85,97
566,2012,6,9,,14,6,1.2,4.43,,,66,78
567,2012,6,9,,8,15,7.41,1.09,,,49,144
568,2012,6,9,,5,16,1.5,2.55,,,82,86
569,2012,6,10,,13,10,3.95,1.25,,,62,108
570,2012,6,11,,11,4,8.9,1.06,,,87,129
571,2012,6,14,,17,3,1.28,3.66,,,79,69
572,2012,6,15,,1,15,1.47,2.67,,,115,111
573,2012,6,16,,9,14,10.93,1.04,,,74,86
574,2012,6,16,,8,12,5.21,1.16,,,80,87
575,2012,6,17,,10,2,1.06,8.94,,,135,70
576,2012,6,17,,18,13,1.45,2.77,,,95,57
577,2012,6,22,,16,7,1.6,2.3,,,80,74
578,2012,6,23,,18,2,1.36,3.09,,,56,114
579,2012,6,23,,4,17,1.4,2.91,,,85,82
580,2012,6,23,,6,5,2.2,1.65,,,89,113
581,2012,6,24,,11,9,1.28,3.67,,,135,57
582,2012,6,24,,12,1,3.12,1.35,,,121,89
583,2012,6,29,,3,10,3.43,1.3,,,70,120
584,2012,6,30,,4,6,1.1,7.11,,,107,78
585,2012,6,30,,1,14,1.4,2.88,,,106,87
586,2012,6,30,,17,8,1.01,19.42,,,166,40
587,2012,6,30,,16,9,1.01,19.94,,,132,38
588,2012,6,30,,5,18,1.19,4.61,,,140,56
589,2012,7,1,,7,13,1.04,11.25,,,99,61
590,2012,7,1,,2,11,1.18,4.91,,,122,61
591,2012,7,1,,15,12,1.38,2.97,,,103,136
592,2012,7,6,,4,3,1.2,4.46,,,62,85
593,2012,7,7,,12,17,2.67,1.46,,,84,86
594,2012,7,7,,11,14,4.72,1.18,,,78,101
595,2012,7,7,,16,2,1.17,5.05,,,110,63
596,2012,7,7,,15,5,2.93,1.4,,,133,62
597,2012,7,7,,13,1,3.73,1.27,,,58,116
598,2012,7,8,,10,9,1,21,,,193,31
599,2012,7,8,,8,7,12.68,1.03,,,96,110
600,2012,7,8,,6,18,1.19,4.73,,,95,57
601,2012,7,13,,12,3,2.12,1.7,,,149,96
602,2012,7,14,,11,6,3.16,1.35,,,83,117
603,2012,7,14,,13,5,2.7,1.45,,,77,127
604,2012,7,14,,14,8,1.16,5.18,,,88,90
605,2012,7,14,,7,4,2.65,1.48,,,79,110
606,2012,7,14,,2,15,2.53,1.51,,,92,105
607,2012,7,15,,9,1,16.46,1.01,,,59,178
608,2012,7,15,,18,10,10.07,1.04,,,44,116
609,2012,7,15,,17,16,1.69,2.13,,,69,121
610,2012,7,20,,7,5,2.02,1.76,,,134,67
611,2012,7,21,,4,10,1.9,1.88,,,91,138
612,2012,7,21,,1,17,1.43,2.78,,,124,75
613,2012,7,21,,8,2,3.95,1.25,,,48,59
614,2012,7,21,,18,3,2.35,1.58,,,84,102
615,2012,7,21,,11,13,2.24,1.63,,,56,84
616,2012,7,22,,16,15,1.36,3.11,,,105,76
617,2012,7,22,,14,12,2.1,1.73,,,99,103
618,2012,7,22,,6,9,1.01,21.83,,,132,37
619,2012,7,27,,5,10,5.2,1.16,,,86,180
620,2012,7,28,,7,1,1.61,2.27,,,102,75
621,2012,7,28,,12,11,1.09,7.67,,,127,73
622,2012,7,28,,9,4,22.17,1.01,,,54,174
623,2012,7,28,,8,16,9.98,1.05,,,54,126
624,2012,7,28,,3,14,2.34,1.58,,,95,91
625,2012,7,29,,13,6,2.45,1.54,,,48,75
626,2012,7,29,,15,18,1.14,5.54,,,118,42
627,2012,7,29,,17,2,1.14,5.66,,,175,77
628,2012,8,3,,10,7,1.29,3.61,,,116,118
629,2012,8,4,,18,12,7.84,1.08,,,61,115
630,2012,8,4,,9,13,6.7,1.1,,,107,73
631,2012,8,4,,6,17,2.59,1.49,,,113,48
632,2012,8,4,,4,15,1.4,2.94,,,91,85
633,2012,8,4,,2,14,2.21,1.64,,,84,132
634,2012,8,5,,11,8,1.39,3.02,,,108,66
635,2012,8,5,,3,16,2.97,1.39,,,71,93
636,2012,8,5,,1,5,1.15,5.45,,,104,100
637,2012,8,10,,17,7,1.68,2.15,,,102,97
638,2012,8,11,,15,11,1.05,9.67,,,107,82
639,2012,8,11,,1,6,1.4,2.91,,,119,91
640,2012,8,11,,8,9,1.36,3.08,,,109,79
641,2012,8,11,,16,4,1.59,2.34,,,70,78
642,2012,8,11,,3,2,1.19,4.68,,,113,77
643,2012,8,12,,10,13,1.01,19.5,,,159,87
644,2012,8,12,,14,18,1.14,5.62,,,150,80
645,2012,8,12,,5,12,2.19,1.65,,,76,100
646,2012,8,17,,7,15,1.31,3.38,,,123,81
647,2012,8,18,,5,3,2.05,1.74,,,60,156
648,2012,8,18,,9,11,4.55,1.19,,,59,84
649,2012,8,18,,6,14,1.39,2.95,,,94,72
650,2012,8,18,,4,12,1.31,3.42,,,61,91
651,2012,8,18,,2,1,4.29,1.21,,,95,85
652,2012,8,19,,13,17,5.64,1.13,,,50,98
653,2012,8,19,,18,16,8.66,1.06,,,85,167
654,2012,8,19,,10,8,1.01,23.58,,,129,65
655,2012,8,24,,14,5,1.59,2.3,,,102,57
656,2012,8,25,,15,9,1.01,20.4,,,163,35
657,2012,8,25,,13,2,2.22,1.64,,,93,104
658,2012,8,25,,16,10,1.97,1.79,,,95,102
659,2012,8,25,,17,4,1.68,2.16,,,107,58
660,2012,8,25,,8,3,13.6,1.02,,,98,86
661,2012,8,26,,7,18,1.02,15.55,,,107,73
662,2012,8,26,,12,6,1.27,3.67,,,79,132
663,2012,8,26,,11,1,6.16,1.12,,,81,150
664,2012,8,31,,10,17,1.25,3.9,,,95,70
665,2012,9,1,,7,16,1.65,2.2,,,112,78
666,2012,9,1,,1,8,1.01,16.82,,,153,62
667,2012,9,1,,9,12,16,1.01,,,77,105
668,2012,9,1,,6,11,1.03,11.75,,,101,40
669,2012,9,1,,5,4,5.25,1.15,,,72,104
670,2012,9,2,,3,15,1.97,1.8,,,91,106
671,2012,9,2,,14,13,1.1,6.84,,,106,106
672,2012,9,2,,2,18,1.2,4.56,,,128,61
673,2012,9,7,,10,4,1.32,3.35,,,135,97
674,2012,9,8,,1,16,1.63,2.24,,,42,71
675,2012,9,8,,7,6,1.28,3.64,,,80,96
676,2012,9,9,,17,12,1.2,4.53,,,162,66
677,2012,9,14,,1,6,1.6,2.31,,,81,71
678,2012,9,15,,4,17,1.86,1.91,,,73,60
679,2012,9,21,,16,4,1.55,2.43,,,96,70
680,2012,9,22,,10,1,1.13,5.85,,,97,92
681,2012,9,29,,10,16,1.52,2.53,,,81,91
682,2013,3,22,,1,5,1.46,2.68,,,82,117
683,2013,3,23,,6,17,1.76,2.02,,,108,80
684,2013,3,28,,3,14,1.86,1.91,,,101,106
685,2013,3,30,,18,2,3.83,1.27,,,127,59
686,2013,3,30,,9,16,11.62,1.04,,,76,106
687,2013,3,30,,8,15,3.37,1.32,,,90,77
688,2013,3,31,,11,13,1.83,1.94,,,54,133
689,2013,3,31,,12,4,2.38,1.58,,,87,103
690,2013,4,1,,10,7,1.6,2.32,,,86,93
691,2013,4,5,,15,14,2.95,1.4,,,82,99
692,2013,4,6,,16,8,1.09,7.51,,,114,73
693,2013,4,6,,18,6,3.26,1.33,,,78,106
694,2013,4,6,,2,1,1.99,1.81,,,77,96
695,2013,4,6,,13,9,1.14,5.89,,,134,78
696,2013,4,6,,5,11,1.08,7.93,,,184,36
697,2013,4,7,,7,12,1.43,2.79,,,112,108
698,2013,4,7,,4,3,1.47,2.68,,,117,100
699,2013,4,7,,17,10,1.96,1.82,,,98,148
700,2013,4,12,,6,5,1.43,2.84,,,68,72
701,2013,4,13,,12,16,2.11,1.72,,,92,131
702,2013,4,13,,11,17,11.52,1.03,,,83,177
703,2013,4,13,,9,15,4.61,1.2,,,68,140
704,2013,4,13,,8,2,2.66,1.47,,,92,94
705,2013,4,13,,7,3,1.51,2.53,,,119,103
706,2013,4,14,,14,18,1.25,3.9,,,135,68
707,2013,4,14,,4,10,2.35,1.58,,,90,145
708,2013,4,14,,13,1,2.7,1.46,,,118,109
709,2013,4,19,,16,7,1.6,2.33,,,103,124
710,2013,4,20,,10,6,1.17,5.04,,,118,76
711,2013,4,20,,14,4,1.86,1.92,,,79,113
712,2013,4,20,,15,5,2.49,1.53,,,91,128
713,2013,4,20,,17,3,1.39,2.95,,,65,89
714,2013,4,20,,8,13,2.62,1.49,,,66,104
715,2013,4,21,,11,9,1.46,2.69,,,144,103
716,2013,4,21,,1,18,1.11,6.46,,,80,28
717,2013,4,21,,12,2,1.27,3.78,,,125,62
718,2013,4,25,,5,4,2.21,1.65,,,121,75
719,2013,4,25,,15,16,4.76,1.19,,,63,79
720,2013,4,26,,6,14,1.45,2.76,,,81,80
721,2013,4,27,,9,8,3.19,1.35,,,104,148
722,2013,4,27,,3,1,1.44,2.78,,,115,83
723,2013,4,27,,18,7,13.89,1.02,,,86,107
724,2013,4,27,,13,17,1.97,1.82,,,84,79
725,2013,4,28,,2,11,1.17,4.92,,,122,94
726,2013,4,28,,10,12,1.18,4.89,,,99,96
727,2013,5,3,,4,15,1.22,4.17,,,103,77
728,2013,5,4,,5,9,1.01,19.27,,,120,81
729,2013,5,4,,12,13,1.38,2.98,,,93,83
730,2013,5,4,,1,10,4.46,1.2,,,78,89
731,2013,5,4,,14,7,2.94,1.39,,,87,131
732,2013,5,4,,8,6,2.83,1.42,,,54,99
733,2013,5,5,,16,2,1.07,8.53,,,115,55
734,2013,5,5,,3,11,1.02,15.5,,,121,60
735,2013,5,5,,17,18,1.03,13.06,,,137,67
736,2013,5,10,,7,5,1.65,2.21,,,113,85
737,2013,5,11,,13,14,1.55,2.43,,,73,114
738,2013,5,11,,2,17,4.34,1.21,,,82,108
739,2013,5,11,,18,12,7.64,1.08,,,97,151
740,2013,5,11,,10,16,1.48,2.63,,,119,82
741,2013,5,11,,6,4,2.43,1.55,,,100,73
742,2013,5,12,,9,1,9.51,1.05,,,52,187
743,2013,5,12,,11,8,2.1,1.72,,,54,114
744,2013,5,13,,15,3,3.81,1.26,,,77,68
745,2013,5,17,,17,12,1.37,3.06,,,90,88
746,2013,5,18,,5,2,1.04,10.82,,,86,96
747,2013,5,18,,10,9,1.01,29.63,,,140,57
748,2013,5,18,,8,18,1.62,2.26,,,93,61
749,2013,5,18,,16,6,1.35,3.15,,,70,70
750,2013,5,18,,4,7,3.29,1.33,,,102,96
751,2013,5,19,,3,13,1.37,3.04,,,109,91
752,2013,5,19,,14,11,1.02,14.7,,,106,72
753,2013,5,19,,1,15,1.33,3.32,,,87,47
754,2013,5,24,,4,16,1.61,2.28,,,55,102
755,2013,5,25,,13,7,4.71,1.18,,,68,116
756,2013,5,25,,9,17,16.03,1.01,,,55,155
757,2013,5,25,,15,18,1.18,4.71,,,101,110
758,2013,5,25,,2,3,2.73,1.45,,,85,98
759,2013,5,25,,14,5,2.04,1.75,,,62,91
760,2013,5,26,,10,8,1.01,16.33,,,118,92
761,2013,5,26,,12,1,1.44,2.74,,,124,125
762,2013,5,26,,6,11,1.01,16.25,,,130,40
763,2013,5,31,,2,4,4.5,1.2,,,51,100
764,2013,6,1,,3,9,1.01,18.52,,,148,54
765,2013,6,1,,1,6,1.81,1.98,,,59,66
766,2013,6,1,,16,5,1.51,2.52,,,115,71
767,2013,6,1,,18,13,2.57,1.5,,,67,58
768,2013,6,1,,7,8,1.03,13.05,,,123,71
769,2013,6,2,,11,10,21.38,1.01,,,48,143
770,2013,6,2,,12,15,1.22,4.29,,,133,65
771,2013,6,3,,17,14,1.28,3.63,,,62,103
772,2013,6,7,,5,3,1.8,1.98,,,77,72
773,2013,6,8,,9,7,17.9,1.01,,,98,157
774,2013,6,8,,1,16,2.47,1.53,,,50,127
775,2013,6,8,,8,12,3.4,1.31,,,66,51
776,2013,6,9,,15,17,2.86,1.42,,,80,84
777,2013,6,10,,11,4,15.9,1.02,,,39,122
778,2013,6,14,,3,10,4.07,1.23,,,87,102
779,2013,6,15,,14,1,1.36,3.14,,,110,72
780,2013,6,15,,6,2,1.06,9.37,,,86,46
781,2013,6,15,,5,8,1.16,5.29,,,115,72
782,2013,6,16,,9,13,4.26,1.22,,,50,125
783,2013,6,16,,4,18,1.11,6.41,,,99,65
784,2013,6,21,,10,17,1.16,5.17,,,123,103
785,2013,6,22,,13,16,7.12,1.1,,,72,54
786,2013,6,22,,15,11,1.11,6.47,,,104,69
787,2013,6,22,,18,14,6.65,1.11,,,61,121
788,2013,6,23,,6,12,1.32,3.35,,,67,29
789,2013,6,23,,2,7,5.58,1.14,,,103,98
790,2013,6,27,,17,5,2.08,1.73,,,91,98
791,2013,6,28,,16,3,1.4,2.93,,,65,43
792,2013,6,29,,8,1,2.35,1.58,,,83,111
793,2013,6,29,,13,4,2.96,1.39,,,86,51
794,2013,6,29,,11,18,4.29,1.22,,,103,100
795,2013,6,29,,7,6,1.37,3.08,,,85,44
796,2013,6,30,,10,2,1.06,8.84,,,143,85
797,2013,6,30,,12,9,1.01,18.75,,,130,44
798,2013,6,30,,14,15,1.19,4.61,,,119,55
799,2013,7,5,,3,4,1.62,2.27,,,77,118
800,2013,7,6,,9,18,4.31,1.21,,,83,87
801,2013,7,6,,12,14,2.65,1.47,,,128,66
802,2013,7,6,,2,8,1.29,3.63,,,116,83
803,2013,7,6,,7,10,2.25,1.63,,,82,72
804,2013,7,6,,1,17,1.59,2.33,,,69,75
805,2013,7,7,,11,16,14.84,1.02,,,85,116
806,2013,7,7,,6,15,1.03,11.92,,,100,70
807,2013,7,7,,5,13,1.31,3.38,,,118,88
808,2013,7,12,,4,1,1.18,4.81,,,111,84
809,2013,7,13,,13,10,3.29,1.33,,,79,124
810,2013,7,13,,7,11,1.01,17.58,,,98,30
811,2013,7,13,,14,8,1.23,4.1,,,53,44
812,2013,7,13,,3,15,1.36,3.12,,,110,74
813,2013,7,13,,2,12,2.82,1.43,,,117,105
814,2013,7,14,,16,9,1.01,19.92,,,171,42
815,2013,7,14,,18,5,7.25,1.09,,,90,121
816,2013,7,14,,17,6,2.83,1.42,,,93,121
817,2013,7,19,,12,3,1.65,2.21,,,108,109
818,2013,7,20,,10,18,1.01,14.85,,,95,76
819,2013,7,20,,9,5,17.22,1.01,,,77,116
820,2013,7,20,,8,4,4.83,1.18,,,85,78
821,2013,7,20,,15,13,2.03,1.77,,,92,97
822,2013,7,20,,11,2,3.96,1.25,,,75,94
823,2013,7,21,,14,6,1.7,2.11,,,84,57
824,2013,7,21,,1,7,4.36,1.21,,,94,92
825,2013,7,21,,17,16,2.58,1.49,,,79,113
826,2013,7,26,,5,10,3.33,1.32,,,87,143
827,2013,7,27,,8,3,2.82,1.42,,,77,120
828,2013,7,27,,11,12,13.31,1.03,,,28,150
829,2013,7,27,,4,9,1.01,21.45,,,106,66
830,2013,7,27,,7,15,1.07,8.27,,,137,36
831,2013,7,27,,6,1,1.25,3.87,,,75,53
832,2013,7,28,,13,2,1.38,3,,,71,62
833,2013,7,28,,18,17,2.5,1.52,,,111,89
834,2013,7,28,,16,14,1.27,3.68,,,110,63
835,2013,8,2,,12,7,3.35,1.32,,,96,86
836,2013,8,3,,9,11,1.65,2.2,,,124,87
837,2013,8,3,,10,14,1.21,4.32,,,66,107
838,2013,8,3,,17,8,1.44,2.77,,,130,113
839,2013,8,3,,3,6,1.83,1.95,,,80,116
840,2013,8,3,,2,15,1.26,3.84,,,108,77
841,2013,8,4,,18,16,7.73,1.08,,,99,134
842,2013,8,4,,1,13,2.01,1.78,,,103,107
843,2013,8,4,,4,5,1.86,1.92,,,133,54
844,2013,8,9,,15,10,11.36,1.04,,,56,102
845,2013,8,10,,14,2,1.16,5.05,,,97,74
846,2013,8,10,,7,13,1.11,6.53,,,129,104
847,2013,8,10,,3,18,1.34,3.26,,,89,117
848,2013,8,10,,16,4,1.41,2.86,,,71,100
849,2013,8,10,,8,11,1.12,6.41,,,90,77
850,2013,8,11,,5,17,1.42,2.86,,,67,120
851,2013,8,11,,1,12,2.04,1.75,,,79,70
852,2013,8,11,,6,9,1.01,18.91,,,157,44
853,2013,8,16,,10,4,1.53,2.48,,,119,84
854,2013,8,17,,14,3,1.3,3.52,,,96,106
855,2013,8,17,,13,8,1.2,4.56,,,113,96
856,2013,8,17,,5,12,2.73,1.45,,,70,115
857,2013,8,17,,17,7,2.65,1.48,,,41,107
858,2013,8,17,,2,9,1.03,12.64,,,123,63
859,2013,8,18,,11,6,16.1,1.02,,,38,133
860,2013,8,18,,16,15,1.02,14.85,,,118,59
861,2013,8,18,,18,1,2.08,1.72,,,131,114
862,2013,8,23,,4,17,1.13,5.87,,,101,39
863,2013,8,24,,1,11,1.02,15.5,,,120,52
864,2013,8,24,,12,10,3.28,1.34,,,103,117
865,2013,8,24,,7,16,1.46,2.71,,,92,48
866,2013,8,24,,6,13,1.16,5.17,,,134,60
867,2013,8,24,,3,5,1.41,2.86,,,76,82
868,2013,8,25,,15,8,1.74,2.06,,,116,70
869,2013,8,25,,9,14,16.89,1.01,,,42,163
870,2013,8,25,,2,18,1.54,2.44,,,100,93
871,2013,8,30,,16,10,3.02,1.38,,,100,112
872,2013,8,31,,15,6,1.83,2.1,,,112,41
873,2013,8,31,,7,2,1.04,10.44,,,112,111
874,2013,8,31,,13,3,1.88,1.87,,,103,104
875,2013,8,31,,5,14,2.86,1.42,,,65,104
876,2013,8,31,,17,1,1.87,1.9,,,43,129
877,2013,9,1,,8,9,1.09,7.35,,,146,63
878,2013,9,1,,4,12,1.62,2.27,,,114,125
879,2013,9,1,,18,11,1.08,7.84,,,107,87
880,2013,9,6,,10,16,1.57,2.38,,,105,51
881,2013,9,7,,7,6,1.34,3.29,,,72,87
882,2013,9,7,,4,13,1.21,4.43,,,63,87
883,2013,9,8,,14,3,1.47,2.67,,,96,116
884,2013,9,13,,7,13,1.21,4.38,,,96,80
885,2013,9,14,,16,3,1.35,3.19,,,86,62
886,2013,9,20,,10,7,1.38,3.02,,,102,97
887,2013,9,21,,6,16,1.29,3.6,,,99,74
888,2013,9,28,,10,6,1.61,2.31,,,77,62
889,2014,3,14,,4,6,2.31,1.6,,,46,116
890,2014,3,15,,9,16,10.17,1.05,,,99,67
891,2014,3,15,,8,14,2.66,1.47,,,87,69
892,2014,3,16,,3,13,1.62,2.24,,,87,120
893,2014,3,20,,7,1,1.33,3.29,,,119,81
894,2014,3,21,,12,5,1.45,2.69,,,60,99
895,2014,3,22,,10,2,1.07,8.28,,,139,91
896,2014,3,22,,15,11,2.2,1.66,,,68,51
897,2014,3,23,,17,18,1.2,4.57,,,134,69
898,2014,3,27,,14,3,1.53,2.47,,,98,86
899,2014,3,28,,5,10,2.67,1.46,,,86,90
900,2014,3,29,,15,9,1.73,2.07,,,95,88
901,2014,3,29,,13,1,1.69,2.12,,,127,73
902,2014,3,29,,16,4,1.43,2.81,,,69,89
903,2014,3,29,,6,8,1.08,7.62,,,87,39
904,2014,3,30,,2,7,3.6,1.29,,,68,93
905,2014,3,30,,11,17,8.29,1.08,,,30,123
906,2014,3,30,,18,12,3.21,1.35,,,54,83
907,2014,4,4,,10,6,1.65,2.19,,,137,79
908,2014,4,5,,18,14,2.99,1.39,,,100,98
909,2014,4,5,,1,16,1.99,1.78,,,71,134
910,2014,4,5,,8,2,1.7,2.12,,,114,61
911,2014,4,5,,17,15,1.05,10.78,,,83,58
912,2014,4,5,,4,7,2.36,1.57,,,76,87
913,2014,4,6,,9,11,1.32,3.42,,,79,47
914,2014,4,6,,12,13,2.07,1.74,,,97,90
915,2014,4,6,,5,3,1.43,2.81,,,138,57
916,2014,4,11,,14,4,2.63,1.48,,,72,110
917,2014,4,12,,3,11,1.15,5.18,,,58,81
918,2014,4,12,,13,2,1.13,5.83,,,159,46
919,2014,4,12,,9,18,2.49,1.53,,,83,110
920,2014,4,12,,8,10,4.38,1.21,,,49,148
921,2014,4,12,,7,17,1.16,5.07,,,107,32
922,2014,4,13,,16,12,1.4,2.93,,,48,91
923,2014,4,13,,15,1,2.2,1.67,,,50,136
924,2014,4,13,,6,5,1.86,1.92,,,113,60
925,2014,4,17,,2,14,4.45,1.21,,,63,106
926,2014,4,19,,4,12,1.86,1.91,,,93,58
927,2014,4,19,,16,6,2.4,1.56,,,92,75
928,2014,4,19,,17,13,1.84,1.93,,,56,70
929,2014,4,19,,5,15,1.11,6.45,,,65,81
930,2014,4,20,,1,9,1.12,6.19,,,137,72
931,2014,4,20,,11,8,3.09,1.37,,,78,86
932,2014,4,20,,18,3,1.77,2.02,,,91,119
933,2014,4,21,,7,10,2.52,1.52,,,106,87
934,2014,4,25,,4,5,1.55,2.42,,,83,60
935,2014,4,25,,15,2,1.37,3.1,,,79,82
936,2014,4,25,,6,12,1.27,3.74,,,61,74
937,2014,4,26,,8,9,1.18,4.69,,,134,94
938,2014,4,26,,3,17,2.03,1.76,,,92,89
939,2014,4,26,,11,16,7.09,1.09,,,38,69
940,2014,4,27,,18,1,2.37,1.58,,,83,92
941,2014,4,27,,14,10,5.04,1.17,,,52,118
942,2014,4,27,,13,7,2.08,1.74,,,107,67
943,2014,5,2,,3,4,3.95,1.25,,,70,104
944,2014,5,3,,10,15,1.04,11.17,,,175,30
945,2014,5,3,,9,13,8.46,1.07,,,97,132
946,2014,5,3,,1,11,1.06,8.79,,,67,70
947,2014,5,3,,5,18,1.31,3.45,,,73,65
948,2014,5,3,,2,16,4.64,1.19,,,44,123
949,2014,5,4,,12,8,1.26,3.78,,,77,120
950,2014,5,4,,7,14,1.19,4.49,,,81,76
951,2014,5,4,,17,6,2.81,1.42,,,54,73
952,2014,5,9,,16,10,2.16,1.68,,,107,88
953,2014,5,10,,13,6,1.54,2.43,,,94,76
954,2014,5,10,,2,5,3.91,1.25,,,57,65
955,2014,5,10,,11,18,2.73,1.44,,,83,99
956,2014,5,11,,17,9,1.06,9.29,,,188,77
957,2014,5,12,,15,3,3.2,1.35,,,69,101
958,2014,5,15,,1,4,2.71,1.45,,,76,55
959,2014,5,16,,5,16,3.13,1.36,,,64,114
960,2014,5,17,,14,11,1.18,4.7,,,74,91
961,2014,5,17,,12,2,1.06,9.34,,,125,38
962,2014,5,17,,6,7,1.79,2,,,96,64
963,2014,5,18,,15,8,4.03,1.24,,,87,125
964,2014,5,23,,7,12,1.54,2.46,,,111,91
965,2014,5,24,,9,14,3.19,1.34,,,41,154
966,2014,5,24,,4,17,1.3,3.48,,,109,101
967,2014,5,24,,13,10,1.53,2.46,,,100,86
968,2014,5,25,,8,18,1.22,4.31,,,119,74
969,2014,5,25,,3,1,2.25,1.63,,,81,76
970,2014,5,29,,16,7,1.39,3,,,148,38
971,2014,5,30,,15,4,8.45,1.06,,,54,140
972,2014,5,31,,11,13,6.04,1.12,,,75,95
973,2014,5,31,,2,3,2.86,1.41,,,98,91
974,2014,5,31,,5,14,1.68,2.16,,,104,54
975,2014,6,1,,1,8,1.54,2.46,,,109,77
976,2014,6,1,,18,6,5.28,1.15,,,51,89
977,2014,6,1,,10,9,1.01,16.02,,,94,87
978,2014,6,1,,17,12,1.6,2.31,,,44,82
979,2014,6,6,,7,3,1.18,4.74,,,107,102
980,2014,6,7,,10,17,1.19,4.49,,,123,79
981,2014,6,7,,13,15,1.02,13.09,,,129,59
982,2014,6,7,,18,2,1.31,3.42,,,87,95
983,2014,6,7,,9,5,5.78,1.13,,,66,81
984,2014,6,8,,8,16,4.43,1.2,,,74,109
985,2014,6,8,,6,1,1.23,4.07,,,90,50
986,2014,6,8,,12,14,1.31,3.43,,,116,88
987,2014,6,9,,11,4,4.64,1.19,,,28,61
988,2014,6,13,,3,10,4.74,1.18,,,90,118
989,2014,6,14,,14,6,3.67,1.27,,,85,105
990,2014,6,14,,16,13,1.43,2.8,,,98,94
991,2014,6,14,,17,8,1.74,2.08,,,103,100
992,2014,6,14,,2,9,1.41,2.89,,,80,125
993,2014,6,14,,1,12,1.85,1.93,,,109,73
994,2014,6,15,,7,15,1.03,12.66,,,133,37
995,2014,6,15,,4,18,1.11,6.36,,,98,106
996,2014,6,15,,5,11,1.43,2.87,,,77,78
997,2014,6,20,,14,16,4.17,1.22,,,51,62
998,2014,6,21,,13,18,1.09,6.98,,,128,56
999,2014,6,21,,10,4,1.34,3.15,,,115,86
1000,2014,6,21,,8,7,2.64,1.47,,,118,78
1001,2014,6,21,,6,2,1.03,12.19,,,105,22
1002,2014,6,21,,5,1,2.3,1.61,,,101,92
1003,2014,6,22,,9,3,3.33,1.32,,,100,92
1004,2014,6,22,,15,17,5.77,1.13,,,70,103
1005,2014,6,22,,11,12,3.56,1.29,,,66,107
1006,2014,6,27,,7,5,1.36,3.09,,,89,80
1007,2014,6,28,,10,8,1.16,5.01,,,116,63
1008,2014,6,28,,15,14,5.56,1.14,,,73,117
1009,2014,6,28,,6,17,1.24,3.98,,,88,81
1010,2014,6,28,,16,9,1.05,9.47,,,106,60
1011,2014,6,28,,2,12,5.26,1.15,,,70,66
1012,2014,6,29,,18,11,1.72,2.12,,,91,85
1013,2014,6,29,,1,13,3.02,1.38,,,99,76
1014,2014,6,29,,4,3,1.28,3.71,,,91,76
1015,2014,7,4,,12,10,3.89,1.25,,,108,88
1016,2014,7,5,,14,2,1.1,6.57,,,79,54
1017,2014,7,5,,9,1,3.9,1.25,,,72,140
1018,2014,7,5,,8,4,1.91,1.88,,,80,75
1019,2014,7,5,,13,5,1.22,4.29,,,60,62
1020,2014,7,5,,11,6,5.4,1.15,,,34,97
1021,2014,7,6,,3,15,1.16,5.06,,,151,66
1022,2014,7,6,,17,16,2.99,1.36,,,51,79
1023,2014,7,6,,7,18,1.13,5.72,,,69,56
1024,2014,7,11,,1,10,2.13,1.7,,,92,104
1025,2014,7,12,,11,7,6.13,1.12,,,36,102
1026,2014,7,12,,12,15,1.04,11.65,,,92,33
1027,2014,7,12,,18,8,2.45,1.54,,,94,66
1028,2014,7,12,,16,3,1.13,5.9,,,122,51
1029,2014,7,12,,2,17,2.79,1.43,,,64,76
1030,2014,7,13,,14,13,2.47,1.53,,,126,106
1031,2014,7,13,,5,4,2.67,1.46,,,103,39
1032,2014,7,13,,6,9,1.01,17.1,,,136,60
1033,2014,7,18,,3,12,3.97,1.24,,,109,86
1034,2014,7,19,,15,6,11.96,1.03,,,118,60
1035,2014,7,19,,9,7,7.67,1.08,,,87,94
1036,2014,7,20,,13,11,1.06,8.81,,,72,69
1037,2014,7,20,,18,5,3.03,1.38,,,94,101
1038,2014,7,25,,17,14,1.64,2.23,,,42,59
1039,2014,7,26,,2,8,2.47,1.54,,,110,56
1040,2014,7,26,,10,16,1.85,1.94,,,104,94
1041,2014,7,27,,4,1,1.84,1.97,,,82,98
1042,2014,7,31,,6,3,1.13,6.14,,,83,78
1043,2014,8,1,,16,5,1.27,3.8,,,79,57
1044,2014,8,2,,1,17,1.18,4.93,,,105,136
1045,2014,8,2,,14,9,1.09,7.38,,,89,62
1046,2014,8,2,,12,7,2.23,1.65,,,79,111
1047,2014,8,2,,8,15,1.42,2.87,,,117,64
1048,2014,8,3,,11,2,1.72,2.13,,,51,74
1049,2014,8,3,,10,18,1.13,6.15,,,107,45
1050,2014,8,3,,4,13,2.19,1.67,,,76,70
1051,2014,8,8,,14,5,2.25,1.65,,,95,77
1052,2014,8,9,,9,12,5.51,1.15,,,51,126
1053,2014,8,9,,3,8,1.51,2.6,,,97,58
1054,2014,8,9,,10,11,1.03,14.03,,,115,65
1055,2014,8,9,,13,16,3.05,1.38,,,58,84
1056,2014,8,9,,7,6,1.46,2.75,,,81,79
1057,2014,8,10,,2,1,2.89,1.43,,,63,168
1058,2014,8,10,,15,18,3.45,1.32,,,99,122
1059,2014,8,10,,17,4,1.71,2.15,,,126,66
1060,2014,8,15,,3,7,2.74,1.45,,,76,82
1061,2014,8,16,,16,15,1.01,17.61,,,127,56
1062,2014,8,16,,8,13,3.16,1.36,,,47,56
1063,2014,8,16,,5,17,1.56,2.44,,,77,74
1064,2014,8,16,,4,2,1.15,5.4,,,56,123
1065,2014,8,16,,1,14,1.46,2.71,,,69,79
1066,2014,8,17,,12,18,1.35,3.22,,,111,61
1067,2014,8,17,,11,9,1.43,2.84,,,34,98
1068,2014,8,17,,6,10,1.82,1.99,,,110,91
1069,2014,8,22,,13,3,1.27,3.78,,,140,37
1070,2014,8,23,,12,1,1.85,1.97,,,101,94
1071,2014,8,23,,5,8,1.16,5.31,,,108,89
1072,2014,8,23,,9,4,2.36,1.59,,,67,75
1073,2014,8,23,,17,11,1.04,11.9,,,119,53
1074,2014,8,23,,10,7,1.51,2.57,,,94,71
1075,2014,8,24,,2,6,3.33,1.33,,,48,106
1076,2014,8,24,,18,16,5.29,1.16,,,67,130
1077,2014,8,24,,14,15,1.11,6.86,,,98,72
1078,2014,8,29,,4,10,9.05,1.07,,,56,121
1079,2014,8,30,,3,5,3.06,1.38,,,90,90
1080,2014,8,30,,6,13,1.46,2.72,,,105,97
1081,2014,8,30,,16,14,1.43,2.86,,,65,68
1082,2014,8,30,,12,11,1.08,8.03,,,123,93
1083,2014,8,30,,7,2,1.1,7.65,,,143,81
1084,2014,8,31,,8,17,2.36,1.59,,,99,151
1085,2014,8,31,,1,15,1.04,11.16,,,141,62
1086,2014,8,31,,18,9,1.25,4,,,109,115
1087,2014,9,5,,10,7,1.47,2.67,,,104,68
1088,2014,9,6,,16,6,1.39,3.04,,,93,69
1089,2014,9,6,,12,5,1.68,2.19,,,93,81
1090,2014,9,7,,13,14,1.41,2.88,,,132,75
1091,2014,9,12,,7,12,1.76,2.07,,,92,98
1092,2014,9,13,,6,13,1.59,2.34,,,83,105
1093,2014,9,19,,16,12,1.21,4.39,,,136,65
1094,2014,9,20,,10,13,1.33,3.38,,,97,94
1095,2014,9,27,,16,10,1.57,2.41,,,74,137
1096,2015,4,2,,3,14,2.53,1.53,,,78,105
1097,2015,4,4,,11,8,2.97,1.41,,,115,89
1098,2015,4,4,,16,5,1.31,3.49,,,72,60
1099,2015,4,4,,18,17,2.52,1.53,,,97,87
1100,2015,4,4,,2,4,1.48,2.67,,,74,86
1101,2015,4,5,,6,13,1.67,2.22,,,75,68
1102,2015,4,5,,15,9,3.43,1.32,,,78,87
1103,2015,4,5,,1,12,1.7,2.14,,,140,63
1104,2015,4,6,,10,7,1.36,3.16,,,123,61
1105,2015,4,10,,17,3,1.53,2.54,,,131,62
1106,2015,4,11,,14,18,1.35,3.26,,,66,85
1107,2015,4,11,,9,11,1.45,2.77,,,101,56
1108,2015,4,11,,4,1,2.95,1.41,,,63,90
1109,2015,4,11,,8,15,1.19,4.85,,,76,104
1110,2015,4,11,,13,16,1.61,2.34,,,44,92
1111,2015,4,12,,7,6,2.26,1.65,,,60,104
1112,2015,4,12,,5,10,4.65,1.2,,,78,76
1113,2015,4,12,,12,2,1.14,5.78,,,133,51
1114,2015,4,17,,4,15,1.4,2.98,,,140,66
1115,2015,4,18,,3,5,3.83,1.27,,,84,105
1116,2015,4,18,,1,11,1.08,8.24,,,80,55
1117,2015,4,18,,16,9,1.16,5.4,,,111,90
1118,2015,4,18,,12,13,1.9,1.9,,,105,113
1119,2015,4,18,,2,14,2.72,1.46,,,58,137
1120,2015,4,19,,10,18,1.06,9.69,,,127,57
1121,2015,4,19,,7,8,1.17,5.2,,,105,96
1122,2015,4,19,,17,6,3.88,1.27,,,81,111
1123,2015,4,24,,14,11,1.31,3.46,,,51,83
1124,2015,4,25,,15,3,3.14,1.36,,,81,121
1125,2015,4,25,,5,4,1.41,2.91,,,49,69
1126,2015,4,25,,9,8,1.39,2.97,,,119,53
1127,2015,4,25,,13,10,2.43,1.56,,,99,91
1128,2015,4,25,,6,16,1.6,2.36,,,74,60
1129,2015,4,26,,2,17,2.7,1.46,,,65,118
1130,2015,4,26,,7,12,2.26,1.63,,,67,83
1131,2015,4,26,,18,1,3.59,1.29,,,125,68
1132,2015,5,1,,3,4,2.41,1.58,,,45,120
1133,2015,5,2,,14,7,1.63,2.28,,,76,85
1134,2015,5,2,,16,18,1.15,5.36,,,73,77
1135,2015,5,2,,8,2,2.08,1.76,,,118,54
1136,2015,5,2,,12,10,3.32,1.33,,,70,130
1137,2015,5,2,,17,9,1.67,2.22,,,120,33
1138,2015,5,3,,11,6,5.2,1.17,,,50,118
1139,2015,5,3,,15,5,5.64,1.14,,,80,82
1140,2015,5,3,,1,13,2.28,1.63,,,91,115
1141,2015,5,8,,4,7,1.58,2.38,,,59,100
1142,2015,5,9,,12,14,1.59,2.35,,,109,74
1143,2015,5,9,,18,15,1.45,2.73,,,87,94
1144,2015,5,9,,9,10,3.71,1.28,,,108,98
1145,2015,5,9,,8,1,5.24,1.17,,,78,119
1146,2015,5,9,,11,16,5.22,1.17,,,50,88
1147,2015,5,9,,6,5,1.2,4.68,,,80,52
1148,2015,5,10,,3,2,1.31,3.53,,,75,84
1149,2015,5,10,,13,17,1.24,4.21,,,68,78
1150,2015,5,15,,5,12,2.88,1.42,,,82,93
1151,2015,5,16,,1,15,1.22,4.36,,,119,73
1152,2015,5,16,,10,11,1.08,7.9,,,155,50
1153,2015,5,16,,3,9,2.55,1.51,,,57,135
1154,2015,5,16,,16,7,1.21,4.42,,,120,77
1155,2015,5,16,,17,8,1.1,7.05,,,135,43
1156,2015,5,17,,18,6,3.81,1.27,,,88,101
1157,2015,5,17,,14,4,1.97,1.83,,,105,100
1158,2015,5,17,,2,13,4.61,1.2,,,102,65
1159,2015,5,22,,7,3,1.23,4.21,,,140,63
1160,2015,5,23,,15,17,5.03,1.18,,,78,131
1161,2015,5,23,,9,1,1.49,2.62,,,108,84
1162,2015,5,23,,8,4,3.7,1.29,,,63,132
1163,2015,5,23,,10,16,1.49,2.65,,,69,73
1164,2015,5,23,,6,12,1.2,4.61,,,115,42
1165,2015,5,24,,5,2,1.22,4.39,,,136,78
1166,2015,5,24,,11,18,3.06,1.38,,,103,64
1167,2015,5,24,,13,14,1.34,3.3,,,43,76
1168,2015,5,29,,16,3,1.02,15.07,,,122,62
1169,2015,5,30,,10,8,1.01,16.13,,,93,40
1170,2015,5,30,,11,13,2.74,1.46,,,54,115
1171,2015,5,30,,18,9,2.64,1.49,,,113,68
1172,2015,5,30,,14,5,1.78,2.04,,,72,59
1173,2015,5,30,,1,6,3.58,1.3,,,57,68
1174,2015,5,31,,2,15,1.63,2.28,,,86,108
1175,2015,5,31,,4,12,1.89,1.92,,,112,95
1176,2015,5,31,,17,7,1.45,2.75,,,120,64
1177,2015,6,5,,6,14,1.22,4.27,,,70,97
1178,2015,6,6,,3,1,3.43,1.31,,,90,99
1179,2015,6,6,,8,16,14.72,1.02,,,41,93
1180,2015,6,6,,5,7,2,1.81,,,53,122
1181,2015,6,6,,13,18,1.23,4.13,,,100,62
1182,2015,6,7,,9,2,1.08,7.65,,,97,67
1183,2015,6,7,,12,17,2.1,1.73,,,85,75
1184,2015,6,7,,15,10,12.71,1.02,,,69,132
1185,2015,6,8,,11,4,3.92,1.25,,,85,110
1186,2015,6,12,,13,7,1.44,2.79,,,69,92
1187,2015,6,13,,8,6,9.37,1.06,,,46,53
1188,2015,6,13,,17,5,1.14,5.65,,,96,46
1189,2015,6,13,,12,16,2.56,1.51,,,75,91
1190,2015,6,14,,4,9,1.65,2.25,,,119,77
1191,2015,6,14,,15,11,1.65,2.24,,,85,83
1192,2015,6,18,,1,10,2.99,1.4,,,85,114
1193,2015,6,19,,14,17,1.88,1.93,,,70,90
1194,2015,6,20,,3,13,3.21,1.35,,,110,106
1195,2015,6,20,,9,12,2.96,1.4,,,61,117
1196,2015,6,20,,18,2,1.29,3.68,,,146,74
1197,2015,6,21,,7,11,1.11,6.49,,,89,113
1198,2015,6,25,,6,4,1.33,3.34,,,80,73
1199,2015,6,26,,16,14,1.34,3.31,,,77,95
1200,2015,6,27,,10,5,1.06,9.26,,,114,76
1201,2015,6,27,,2,1,3.55,1.3,,,69,82
1202,2015,6,27,,15,18,2.55,1.51,,,56,62
1203,2015,6,28,,3,8,1.42,2.88,,,103,69
1204,2015,7,2,,16,13,1.44,2.76,,,94,84
1205,2015,7,3,,4,10,3.47,1.3,,,91,101
1206,2015,7,4,,14,9,1.18,4.87,,,78,69
1207,2015,7,4,,8,12,3.8,1.27,,,125,70
1208,2015,7,4,,18,3,1.39,3.03,,,64,53
1209,2015,7,4,,11,17,4.53,1.2,,,60,114
1210,2015,7,5,,5,15,1.7,2.14,,,52,162
1211,2015,7,5,,6,2,1.03,11.65,,,84,48
1212,2015,7,9,,13,4,1.81,2,,,66,63
1213,2015,7,10,,14,3,1.31,3.48,,,71,41
1214,2015,7,11,,5,11,2.64,1.48,,,69,60
1215,2015,7,11,,18,8,1.65,2.25,,,95,73
1216,2015,7,11,,12,7,2.03,1.79,,,120,79
1217,2015,7,11,,17,1,1.18,4.87,,,147,91
1218,2015,7,12,,9,15,1.69,2.17,,,84,49
1219,2015,7,12,,10,6,1.4,2.95,,,115,43
1220,2015,7,12,,2,16,5.69,1.14,,,49,70
1221,2015,7,17,,12,5,1.2,4.52,,,93,68
1222,2015,7,18,,7,18,1.57,2.4,,,72,64
1223,2015,7,18,,8,9,2.23,1.66,,,79,94
1224,2015,7,18,,4,17,2.45,1.55,,,56,87
1225,2015,7,18,,16,10,2.43,1.56,,,57,146
1226,2015,7,18,,6,3,1.12,6.36,,,95,53
1227,2015,7,19,,11,2,1.61,2.32,,,60,36
1228,2015,7,19,,13,1,1.57,2.41,,,113,116
1229,2015,7,19,,15,14,2.85,1.42,,,73,89
1230,2015,7,24,,3,10,14.09,1.02,,,35,173
1231,2015,7,25,,9,7,1.78,2.03,,,42,69
1232,2015,7,25,,1,8,1.21,4.39,,,125,80
1233,2015,7,25,,14,6,1.77,2.04,,,78,82
1234,2015,7,25,,5,13,3.37,1.32,,,116,129
1235,2015,7,25,,2,12,4.42,1.21,,,38,110
1236,2015,7,26,,18,4,2.21,1.67,,,104,86
1237,2015,7,26,,11,15,2.04,1.79,,,46,83
1238,2015,7,26,,17,16,1.29,3.61,,,103,51
1239,2015,7,31,,10,14,1.17,5.03,,,53,71
1240,2015,8,1,,7,2,1.11,6.73,,,113,57
1241,2015,8,1,,4,11,1.32,3.36,,,54,91
1242,2015,8,1,,16,1,1.4,2.96,,,117,65
1243,2015,8,1,,8,17,8.22,1.08,,,83,83
1244,2015,8,1,,3,12,5.55,1.14,,,54,118
1245,2015,8,2,,13,15,1.19,4.63,,,112,49
1246,2015,8,2,,5,18,2.84,1.42,,,40,127
1247,2015,8,2,,6,9,1.2,4.41,,,84,63
1248,2015,8,7,,1,14,2.13,1.71,,,88,52
1249,2015,8,8,,4,3,1.22,4.21,,,105,87
1250,2015,8,8,,18,13,1.7,2.15,,,128,64
1251,2015,8,8,,2,8,2.57,1.51,,,100,114
1252,2015,8,8,,7,16,1.86,1.95,,,95,63
1253,2015,8,8,,17,10,2.4,1.56,,,74,88
1254,2015,8,9,,11,12,3.39,1.32,,,92,127
1255,2015,8,9,,9,5,1.26,3.88,,,93,61
1256,2015,8,9,,15,6,2.72,1.46,,,59,96
1257,2015,8,14,,16,4,1.35,3.24,,,87,76
1258,2015,8,15,,5,1,3.54,1.3,,,59,171
1259,2015,8,15,,12,15,1.16,5.23,,,120,83
1260,2015,8,15,,13,9,1.26,3.91,,,111,90
1261,2015,8,15,,7,10,4.17,1.23,,,85,121
1262,2015,8,15,,2,3,1.64,2.27,,,131,67
1263,2015,8,16,,14,8,1.12,6.34,,,138,55
1264,2015,8,16,,18,11,1.22,4.28,,,153,55
1265,2015,8,16,,6,17,1.64,2.26,,,80,104
1266,2015,8,21,,10,13,1.07,8.64,,,86,108
1267,2015,8,22,,4,14,2.92,1.41,,,56,147
1268,2015,8,22,,9,16,2.53,1.52,,,44,133
1269,2015,8,22,,8,5,1.52,2.52,,,97,95
1270,2015,8,22,,15,7,4.4,1.21,,,97,97
1271,2015,8,22,,1,2,1.07,8.81,,,131,44
1272,2015,8,23,,12,6,1.66,2.23,,,94,83
1273,2015,8,23,,3,11,3.08,1.38,,,78,55
1274,2015,8,23,,17,18,1.3,3.56,,,162,85
1275,2015,8,28,,7,4,1.41,2.93,,,62,110
1276,2015,8,29,,9,3,1.2,4.59,,,132,51
1277,2015,8,29,,10,2,1.02,12.6,,,134,62
1278,2015,8,29,,12,18,1.63,2.27,,,73,96
1279,2015,8,29,,8,13,3.22,1.35,,,51,88
1280,2015,8,29,,5,14,6.35,1.12,,,47,74
1281,2015,8,30,,1,17,2.01,1.78,,,126,69
1282,2015,8,30,,15,16,4.16,1.23,,,38,135
1283,2015,8,30,,6,11,1.07,8.37,,,108,54
1284,2015,9,4,,14,12,1.08,8.03,,,108,67
1285,2015,9,5,,7,1,2.16,1.69,,,119,80
1286,2015,9,5,,2,18,4.24,1.22,,,130,122
1287,2015,9,5,,13,6,1.06,8.64,,,122,53
1288,2015,9,5,,10,3,1.01,14.36,,,113,56
1289,2015,9,5,,16,8,1.04,10.57,,,127,64
1290,2015,9,5,,17,15,1.04,10.33,,,125,30
1291,2015,9,6,,11,9,2.35,1.59,,,103,77
1292,2015,9,6,,4,5,1.28,3.65,,,92,95
1293,2015,9,11,,17,10,2.39,1.57,,,96,64
1294,2015,9,12,,6,16,1.33,3.35,,,69,60
1295,2015,9,12,,18,1,1.9,1.9,,,102,109
1296,2015,9,13,,14,12,1.58,2.38,,,88,105
1297,2015,9,18,,10,1,1.3,3.56,,,135,61
1298,2015,9,19,,16,12,1.62,2.3,,,51,77
1299,2015,9,25,,6,10,2.25,1.65,,,67,94
1300,2015,9,26,,17,12,1.19,4.74,,,80,55
1301,2015,10,3,,17,10,2.39,1.58,,,61,107
1302,2016,3,24,,14,3,1.23,4.11,,,92,83
1303,2016,3,26,,11,9,2.45,1.55,,,80,78
1304,2016,3,26,,8,5,1.14,5.93,,,121,60
1305,2016,3,26,,16,4,1.58,2.37,,,133,53
1306,2016,3,26,,12,1,1.43,2.81,,,107,97
1307,2016,3,27,,18,6,1.62,2.28,,,103,38
1308,2016,3,27,,13,15,1.14,5.65,,,133,100
1309,2016,3,27,,17,2,1.03,11.96,,,166,102
1310,2016,3,28,,7,10,2.12,1.71,,,116,86
1311,2016,4,1,,4,14,2.04,1.78,,,87,86
1312,2016,4,2,,1,13,1.94,1.86,,,144,86
1313,2016,4,2,,5,11,5.76,1.14,,,80,67
1314,2016,4,2,,2,12,3.82,1.27,,,83,117
1315,2016,4,2,,15,18,3.88,1.25,,,36,93
1316,2016,4,2,,6,8,1.23,4.14,,,100,126
1317,2016,4,3,,9,7,2.66,1.46,,,89,76
1318,2016,4,3,,10,17,2.22,1.66,,,99,53
1319,2016,4,3,,3,16,4.38,1.21,,,71,131
1320,2016,4,8,,13,5,1.11,6.78,,,112,51
1321,2016,4,9,,15,4,2.33,1.61,,,119,90
1322,2016,4,9,,14,1,1.89,1.93,,,92,128
1323,2016,4,9,,16,9,1.39,3.01,,,93,68
1324,2016,4,9,,8,3,1.15,5.5,,,95,41
1325,2016,4,9,,17,6,1.32,3.36,,,92,59
1326,2016,4,10,,12,11,1.13,6.03,,,136,131
1327,2016,4,10,,18,10,2.05,1.77,,,90,93
1328,2016,4,10,,7,2,1.04,11.7,,,125,56
1329,2016,4,15,,17,14,1.22,4.28,,,125,57
1330,2016,4,16,,5,7,10.34,1.04,,,42,72
1331,2016,4,16,,10,15,1.1,7.08,,,87,84
1332,2016,4,16,,2,8,3.04,1.38,,,107,94
1333,2016,4,16,,3,18,7.53,1.09,,,49,85
1334,2016,4,16,,1,16,1.94,1.86,,,113,103
1335,2016,4,17,,9,13,1.87,1.92,,,151,65
1336,2016,4,17,,4,11,1.39,3,,,67,102
1337,2016,4,17,,12,6,1.23,4.15,,,132,101
1338,2016,4,22,,10,1,1.41,2.91,,,112,109
1339,2016,4,23,,16,17,1.61,2.3,,,88,49
1340,2016,4,23,,8,12,3.05,1.38,,,81,119
1341,2016,4,23,,18,2,1.12,6.37,,,120,67
1342,2016,4,23,,13,7,2.16,1.7,,,59,107
1343,2016,4,24,,15,9,2.38,1.57,,,79,126
1344,2016,4,24,,6,3,1.14,5.61,,,68,72
1345,2016,4,24,,11,14,2.19,1.68,,,129,96
1346,2016,4,25,,4,5,1.33,3.33,,,142,73
1347,2016,4,29,,12,18,1.8,2.01,,,61,45
1348,2016,4,30,,11,15,1.72,2.14,,,96,135
1349,2016,4,30,,1,6,1.08,7.94,,,97,64
1350,2016,4,30,,9,10,2.05,1.77,,,158,83
1351,2016,4,30,,14,13,1.38,3.02,,,59,94
1352,2016,4,30,,7,8,1.08,7.62,,,168,48
1353,2016,5,1,,2,16,5.11,1.17,,,94,97
1354,2016,5,1,,3,5,1.56,2.41,,,72,57
1355,2016,5,1,,17,4,1.12,6.22,,,124,62
1356,2016,5,6,,14,10,4.12,1.24,,,90,136
1357,2016,5,7,,4,3,1.54,2.47,,,84,99
1358,2016,5,7,,7,17,1.5,2.58,,,123,79
1359,2016,5,7,,16,5,1.02,14.38,,,135,54
1360,2016,5,7,,8,11,1.86,1.94,,,87,160
1361,2016,5,7,,18,1,1.73,2.12,,,123,108
1362,2016,5,7,,6,9,3.35,1.33,,,77,95
1363,2016,5,8,,15,12,3.53,1.3,,,75,82
1364,2016,5,8,,13,2,1.37,3.1,,,136,59
1365,2016,5,13,,1,7,1.89,1.91,,,72,98
1366,2016,5,14,,5,12,10.13,1.05,,,60,74
1367,2016,5,14,,10,6,1.09,7.31,,,116,75
1368,2016,5,14,,9,8,1.05,10.34,,,149,58
1369,2016,5,14,,14,16,3.55,1.3,,,101,100
1370,2016,5,14,,2,4,1.71,2.13,,,65,143
1371,2016,5,15,,3,13,2.36,1.58,,,93,91
1372,2016,5,15,,11,18,2.94,1.4,,,82,114
1373,2016,5,15,,17,15,1.16,5.22,,,132,29
1374,2016,5,20,,10,16,1.81,1.99,,,55,69
1375,2016,5,21,,4,7,5.51,1.15,,,104,80
1376,2016,5,21,,8,1,11.45,1.03,,,74,149
1377,2016,5,21,,13,17,2.62,1.49,,,86,94
1378,2016,5,21,,12,3,1.24,4.07,,,113,46
1379,2016,5,21,,6,14,2.22,1.66,,,45,83
1380,2016,5,22,,11,2,1.16,5.13,,,131,68
1381,2016,5,22,,9,18,1.39,3.01,,,98,73
1382,2016,5,22,,15,5,1.18,4.84,,,109,63
1383,2016,5,27,,16,12,1.41,2.93,,,91,65
1384,2016,5,28,,2,10,7.95,1.08,,,87,135
1385,2016,5,28,,11,13,2.02,1.79,,,76,121
1386,2016,5,28,,15,6,1.3,3.6,,,101,67
1387,2016,5,28,,5,14,5.41,1.15,,,67,105
1388,2016,5,28,,1,9,1.92,1.88,,,107,85
1389,2016,5,29,,3,7,7.61,1.09,,,104,85
1390,2016,5,29,,4,18,2.79,1.44,,,53,74
1391,2016,5,29,,17,8,1.02,14.33,,,132,55
1392,2016,6,3,,12,14,1.56,2.43,,,124,54
1393,2016,6,4,,10,11,1.24,3.97,,,82,64
1394,2016,6,4,,3,2,1.25,3.88,,,102,64
1395,2016,6,4,,7,9,1.5,2.58,,,98,88
1396,2016,6,4,,8,16,6.11,1.12,,,41,79
1397,2016,6,4,,6,5,1.28,3.59,,,126,47
1398,2016,6,5,,4,13,1.95,1.84,,,58,125
1399,2016,6,5,,18,17,1.76,2.04,,,83,75
1400,2016,6,5,,1,15,1.15,5.47,,,133,45
1401,2016,6,10,,5,10,12.24,1.03,,,43,151
1402,2016,6,11,,13,18,1.7,2.14,,,97,100
1403,2016,6,11,,2,6,2.21,1.67,,,64,147
1404,2016,6,11,,7,12,1.89,1.9,,,105,74
1405,2016,6,11,,17,1,1.42,2.86,,,76,105
1406,2016,6,12,,15,3,2.48,1.54,,,110,78
1407,2016,6,12,,14,8,1.17,5,,,114,97
1408,2016,6,12,,9,16,1.99,1.81,,,105,63
1409,2016,6,13,,11,4,1.61,2.31,,,104,58
1410,2016,6,17,,12,10,3.41,1.32,,,84,93
1411,2016,6,18,,2,17,7.95,1.08,,,82,131
1412,2016,6,18,,6,13,2.41,1.57,,,86,69
1413,2016,6,18,,18,7,2.51,1.53,,,43,100
1414,2016,6,19,,16,11,1.23,4.1,,,86,31
1415,2016,6,19,,5,9,12.72,1.02,,,90,117
1416,2016,6,23,,1,12,1.27,3.77,,,100,67
1417,2016,6,24,,4,6,1.83,1.96,,,85,37
1418,2016,6,25,,14,2,1.06,8.92,,,117,75
1419,2016,6,25,,9,3,1.06,9.21,,,127,65
1420,2016,6,25,,15,7,5.3,1.15,,,93,90
1421,2016,6,26,,10,8,1.04,9.61,,,86,60
1422,2016,6,30,,17,5,1.01,15.93,,,130,52
1423,2016,7,1,,13,14,1.35,3.22,,,94,56
1424,2016,7,2,,8,15,1.82,1.98,,,108,68
1425,2016,7,2,,16,18,1.39,2.99,,,79,83
1426,2016,7,2,,3,4,2.48,1.54,,,45,57
1427,2016,7,3,,11,1,3.59,1.29,,,98,120
1428,2016,7,7,,13,10,2.16,1.69,,,79,101
1429,2016,7,8,,7,16,1.37,3.1,,,60,98
1430,2016,7,9,,9,4,1.1,6.84,,,93,125
1431,2016,7,9,,8,2,1.19,4.73,,,139,113
1432,2016,7,9,,18,14,1.19,4.73,,,85,75
1433,2016,7,9,,11,6,1.51,2.53,,,87,55
1434,2016,7,10,,3,1,5.72,1.14,,,47,107
1435,2016,7,10,,17,12,1.34,3.27,,,104,72
1436,2016,7,10,,5,15,6.15,1.12,,,98,109
1437,2016,7,14,,16,10,1.59,2.35,,,70,75
1438,2016,7,15,,6,7,3.42,1.31,,,61,78
1439,2016,7,16,,14,5,1.16,5.19,,,102,83
1440,2016,7,16,,12,13,1.39,2.95,,,77,105
1441,2016,7,16,,18,8,1.1,6.76,,,107,59
1442,2016,7,16,,1,4,1.17,5.05,,,97,69
1443,2016,7,17,,3,17,5.15,1.16,,,75,82
1444,2016,7,17,,15,11,2.17,1.68,,,110,74
1445,2016,7,17,,2,9,7.38,1.09,,,67,146
1446,2016,7,22,,4,12,1.92,1.86,,,84,124
1447,2016,7,23,,16,3,1.05,8.92,,,74,68
1448,2016,7,23,,8,6,1.86,1.92,,,105,81
1449,2016,7,23,,17,11,1.15,5.3,,,66,60
1450,2016,7,23,,18,15,1.35,3.21,,,60,75
1451,2016,7,23,,7,1,1.87,1.92,,,85,55
1452,2016,7,24,,5,2,1.44,2.75,,,91,128
1453,2016,7,24,,10,14,1.14,5.64,,,114,44
1454,2016,7,24,,13,9,2.16,1.69,,,60,79
1455,2016,7,29,,7,18,1.23,4.12,,,103,78
1456,2016,7,30,,9,14,1.07,8.06,,,111,23
1457,2016,7,30,,10,3,1.07,8.32,,,74,55
1458,2016,7,30,,4,17,2.03,1.77,,,91,72
1459,2016,7,30,,12,15,1.47,2.65,,,85,62
1460,2016,7,30,,2,13,5.8,1.13,,,79,173
1461,2016,7,31,,11,8,1.15,5.48,,,66,64
1462,2016,7,31,,6,16,4.58,1.2,,,47,137
1463,2016,7,31,,1,5,1.01,17.47,,,143,61
1464,2016,8,5,,14,4,3.25,1.34,,,92,77
1465,2016,8,6,,16,13,1.27,3.79,,,100,33
1466,2016,8,6,,11,10,4.38,1.21,,,110,81
1467,2016,8,6,,8,9,7.22,1.09,,,84,92
1468,2016,8,6,,18,12,2.23,1.65,,,61,47
1469,2016,8,6,,1,2,1.01,17.55,,,177,39
1470,2016,8,7,,3,15,2.34,1.6,,,51,122
1471,2016,8,7,,7,5,1.01,16.14,,,100,34
1472,2016,8,7,,6,17,5.21,1.16,,,64,110
1473,2016,8,12,,18,4,1.35,3.21,,,95,92
1474,2016,8,13,,2,3,3.15,1.35,,,99,95
1475,2016,8,13,,10,12,1.27,3.73,,,96,57
1476,2016,8,13,,9,17,1.27,3.73,,,96,97
1477,2016,8,13,,15,16,3.32,1.33,,,76,146
1478,2016,8,13,,13,11,1.44,2.78,,,54,94
1479,2016,8,14,,5,8,3.04,1.38,,,75,69
1480,2016,8,14,,14,7,5.51,1.15,,,78,82
1481,2016,8,14,,6,1,7.42,1.09,,,70,142
1482,2016,8,19,,17,10,1.76,2.05,,,92,67
1483,2016,8,20,,12,16,3.47,1.31,,,76,85
1484,2016,8,20,,14,15,2.31,1.62,,,46,55
1485,2016,8,20,,9,6,1.01,15.11,,,129,37
1486,2016,8,20,,4,8,1.22,4.22,,,118,47
1487,2016,8,20,,13,1,7.71,1.09,,,94,109
1488,2016,8,21,,3,11,4.3,1.22,,,78,58
1489,2016,8,21,,2,7,12.39,1.03,,,69,129
1490,2016,8,21,,5,18,6.83,1.1,,,53,93
1491,2016,8,26,,1,17,1.26,3.85,,,71,100
1492,2016,8,27,,7,11,1.15,5.49,,,155,44
1493,2016,8,27,,5,3,3.21,1.35,,,103,79
1494,2016,8,27,,16,14,1.04,11.37,,,164,51
1495,2016,8,27,,12,9,2.7,1.46,,,63,100
1496,2016,8,27,,8,13,2.77,1.44,,,66,89
1497,2016,8,28,,15,2,1.05,10.13,,,161,103
1498,2016,8,28,,10,4,1.29,3.62,,,112,111
1499,2016,8,28,,6,18,2.85,1.44,,,69,49
1500,2016,9,8,,17,18,1.26,3.89,,,52,99
1501,2016,9,9,,7,10,1.62,2.3,,,85,83
1502,2016,9,10,,16,9,1.5,2.59,,,55,91
1503,2016,9,10,,1,12,1.15,5.48,,,141,79
1504,2016,9,16,,10,18,1.55,2.46,,,84,107
1505,2016,9,17,,16,1,1.59,2.38,,,118,82
1506,2016,9,23,,7,16,1.66,2.23,,,60,97
1507,2016,9,24,,9,18,1.38,3.04,,,83,89
1508,2016,10,1,,16,18,1.51,2.6,,,67,89
1509,2017,3,23,,3,14,2.9,1.42,,,89,132
1510,2017,3,24,,4,18,2.88,1.41,,,86,100
1511,2017,3,25,,16,13,1.28,3.7,,,82,110
1512,2017,3,25,,15,11,1.65,2.25,,,90,120
1513,2017,3,25,,5,10,3.16,1.36,,,116,91
1514,2017,3,25,,8,2,1.28,3.67,,,96,98
1515,2017,3,26,,12,17,3.4,1.32,,,93,136
1516,2017,3,26,,1,9,2.25,1.65,,,147,91
1517,2017,3,26,,6,7,2.23,1.66,,,73,115
1518,2017,3,30,,14,4,2.14,1.71,,,99,80
1519,2017,3,31,,18,16,1.39,3.01,,,110,87
1520,2017,4,1,,10,1,2.04,1.78,,,89,113
1521,2017,4,1,,9,8,1.12,6.37,,,160,58
1522,2017,4,1,,2,5,2.9,1.41,,,84,111
1523,2017,4,1,,17,15,1.14,5.63,,,116,97
1524,2017,4,2,,7,12,1.18,4.86,,,112,111
1525,2017,4,2,,11,3,1.21,4.35,,,86,64
1526,2017,4,2,,13,6,1.21,4.5,,,145,56
1527,2017,4,7,,16,4,1.45,2.74,,,79,80
1528,2017,4,8,,12,9,4.31,1.22,,,67,109
1529,2017,4,8,,14,17,2.56,1.51,,,76,65
1530,2017,4,8,,7,11,1.4,2.96,,,126,97
1531,2017,4,8,,13,1,2.32,1.61,,,83,100
1532,2017,4,8,,6,18,4.88,1.18,,,89,73
1533,2017,4,9,,15,2,1.15,5.44,,,107,76
1534,2017,4,9,,3,5,3.23,1.35,,,57,42
1535,2017,4,9,,8,10,3.06,1.38,,,139,53
1536,2017,4,13,,17,16,1.36,3.15,,,91,65
1537,2017,4,14,,12,18,3.54,1.3,,,86,89
1538,2017,4,15,,11,6,1.35,3.19,,,104,106
1539,2017,4,15,,9,13,1.37,3.09,,,112,81
1540,2017,4,15,,3,8,2.05,1.77,,,82,108
1541,2017,4,15,,1,5,1.16,5.29,,,153,88
1542,2017,4,16,,4,15,1.62,2.29,,,55,69
1543,2017,4,16,,2,14,3.17,1.35,,,67,119
1544,2017,4,17,,10,7,2.87,1.42,,,48,134
1545,2017,4,21,,13,3,1.06,8.97,,,137,47
1546,2017,4,22,,18,2,1.05,10.23,,,122,90
1547,2017,4,22,,8,1,4.17,1.23,,,86,153
1548,2017,4,22,,16,9,2.55,1.51,,,63,105
1549,2017,4,22,,6,12,1.61,2.31,,,67,62
1550,2017,4,23,,15,7,2.57,1.5,,,88,126
1551,2017,4,23,,10,17,2.74,1.46,,,125,75
1552,2017,4,24,,14,11,1.68,2.18,,,88,75
1553,2017,4,25,,5,4,2.46,1.55,,,100,82
1554,2017,4,28,,9,18,1.3,3.52,,,75,73
1555,2017,4,29,,10,15,1.82,2,,,55,130
1556,2017,4,29,,3,16,3.7,1.28,,,97,78
1557,2017,4,29,,2,13,5.57,1.15,,,67,150
1558,2017,4,29,,12,8,1.43,2.82,,,107,94
1559,2017,4,29,,17,6,1.31,3.44,,,103,62
1560,2017,4,30,,5,11,1.97,1.83,,,74,112
1561,2017,4,30,,7,4,1.28,3.67,,,78,107
1562,2017,4,30,,1,14,1.16,5.24,,,140,64
1563,2017,5,5,,15,9,2.73,1.46,,,108,85
1564,2017,5,6,,12,1,5.58,1.15,,,145,86
1565,2017,5,6,,4,3,1.33,3.28,,,56,79
1566,2017,5,6,,13,17,1.33,3.29,,,87,97
1567,2017,5,6,,18,14,1.3,3.52,,,80,75
1568,2017,5,6,,8,7,2.63,1.49,,,124,99
1569,2017,5,7,,16,2,1.08,7.41,,,135,81
1570,2017,5,7,,11,10,1.46,2.72,,,91,94
1571,2017,5,7,,6,5,1.55,2.44,,,116,79
1572,2017,5,12,,17,18,1.45,2.74,,,69,61
1573,2017,5,13,,10,2,1.1,6.88,,,113,75
1574,2017,5,13,,15,3,1.3,3.52,,,85,66
1575,2017,5,13,,9,4,1.21,4.39,,,102,99
1576,2017,5,13,,5,7,3.35,1.32,,,110,93
1577,2017,5,13,,1,11,1.13,5.88,,,66,107
1578,2017,5,14,,14,6,1.41,2.89,,,70,72
1579,2017,5,14,,8,13,3.33,1.33,,,38,110
1580,2017,5,14,,12,16,1.71,2.14,,,78,120
1581,2017,5,19,,7,18,1.91,1.88,,,104,81
1582,2017,5,20,,15,16,1.95,1.85,,,68,118
1583,2017,5,20,,9,14,1.25,3.94,,,78,75
1584,2017,5,20,,4,10,1.5,2.59,,,90,72
1585,2017,5,20,,2,1,9.4,1.05,,,60,140
1586,2017,5,21,,5,17,2.35,1.59,,,125,64
1587,2017,5,21,,11,12,1.57,2.41,,,90,104
1588,2017,5,21,,6,3,1.34,3.27,,,86,51
1589,2017,5,25,,7,13,1.68,2.18,,,81,79
1590,2017,5,26,,16,10,1.14,5.65,,,75,81
1591,2017,5,27,,18,15,1.44,2.77,,,90,50
1592,2017,5,27,,11,8,1.37,3.1,,,122,87
1593,2017,5,27,,14,5,1.76,2.06,,,81,66
1594,2017,5,27,,1,6,1.15,5.43,,,143,43
1595,2017,5,28,,4,2,1.06,8.54,,,129,84
1596,2017,5,28,,3,12,3.36,1.32,,,96,113
1597,2017,5,28,,17,9,1.53,2.49,,,90,98
1598,2017,6,1,,13,10,1.16,5.18,,,98,47
1599,2017,6,2,,7,1,2.1,1.72,,,96,74
1600,2017,6,3,,8,17,1.96,1.83,,,80,77
1601,2017,6,3,,9,5,1.25,3.93,,,117,101
1602,2017,6,3,,12,14,1.9,1.88,,,66,101
1603,2017,6,4,,6,4,2.05,1.76,,,85,105
1604,2017,6,8,,16,18,1.74,2.07,,,88,42
1605,2017,6,9,,1,15,1.14,5.65,,,111,54
1606,2017,6,10,,10,8,1.92,1.87,,,79,95
1607,2017,6,10,,2,6,2.31,1.62,,,121,64
1608,2017,6,10,,5,13,3.37,1.32,,,131,61
1609,2017,6,11,,3,9,4.15,1.23,,,71,70
1610,2017,6,12,,11,4,1.57,2.39,,,104,100
1611,2017,6,15,,17,7,2.2,1.67,,,83,70
1612,2017,6,16,,12,15,1.99,1.81,,,72,89
1613,2017,6,17,,14,16,1.95,1.84,,,71,80
1614,2017,6,17,,13,2,1.04,10.99,,,121,81
1615,2017,6,17,,8,3,1.35,3.15,,,73,83
1616,2017,6,18,,18,11,1.63,2.25,,,56,113
1617,2017,6,22,,1,10,1.08,7.48,,,82,96
1618,2017,6,23,,16,5,1.37,3.07,,,86,85
1619,2017,6,24,,4,13,1.95,1.83,,,62,93
1620,2017,6,24,,2,9,4.18,1.23,,,86,146
1621,2017,6,24,,18,12,1.59,2.34,,,107,106
1622,2017,6,24,,17,11,1.75,2.08,,,96,99
1623,2017,6,25,,7,6,1.04,10.14,,,74,72
1624,2017,6,25,,14,3,1.41,2.86,,,84,58
1625,2017,6,25,,15,8,1.19,4.73,,,103,72
1626,2017,6,30,,11,16,2.05,1.76,,,50,85
1627,2017,7,1,,18,17,1.31,3.39,,,80,87
1628,2017,7,1,,3,1,3.74,1.27,,,77,89
1629,2017,7,1,,8,12,1.54,2.48,,,118,99
1630,2017,7,1,,9,7,1.3,3.48,,,68,68
1631,2017,7,1,,13,14,1.3,3.54,,,63,76
1632,2017,7,2,,5,2,1.08,7.35,,,82,90
1633,2017,7,2,,10,4,2.25,1.63,,,118,94
1634,2017,7,2,,6,15,2.42,1.56,,,80,89
1635,2017,7,7,,1,18,1.31,3.41,,,104,45
1636,2017,7,8,,10,9,2.57,1.5,,,97,97
1637,2017,7,8,,4,5,1.81,1.97,,,80,117
1638,2017,7,8,,16,8,1.13,5.81,,,118,51
1639,2017,7,8,,15,14,2.28,1.62,,,138,71
1640,2017,7,8,,2,7,4.11,1.23,,,78,163
1641,2017,7,9,,12,6,1.41,2.9,,,82,86
1642,2017,7,9,,3,11,2.57,1.5,,,82,90
1643,2017,7,9,,17,13,1.79,2.02,,,88,120
1644,2017,7,14,,15,5,1.78,2.02,,,57,118
1645,2017,7,15,,7,10,1.36,3.13,,,88,85
1646,2017,7,15,,13,12,1.12,6.19,,,127,57
1647,2017,7,15,,8,4,1.79,2,,,88,103
1648,2017,7,15,,9,16,2.09,1.73,,,83,96
1649,2017,7,15,,11,1,3.29,1.33,,,70,116
1650,2017,7,16,,14,2,1.14,5.46,,,112,81
1651,2017,7,16,,3,18,2.38,1.57,,,62,82
1652,2017,7,16,,6,17,3.21,1.35,,,44,74
1653,2017,7,21,,1,7,1.52,2.53,,,91,70
1654,2017,7,22,,5,12,1.19,4.78,,,132,105
1655,2017,7,22,,11,13,2.22,1.65,,,88,65
1656,2017,7,22,,18,8,1.27,3.68,,,110,56
1657,2017,7,22,,16,15,1.21,4.36,,,101,59
1658,2017,7,22,,6,10,2.09,1.73,,,48,100
1659,2017,7,23,,14,9,2.24,1.64,,,64,45
1660,2017,7,23,,4,17,1.87,1.92,,,93,85
1661,2017,7,23,,2,3,1.97,1.81,,,112,82
1662,2017,7,28,,10,16,2.73,1.45,,,72,66
1663,2017,7,29,,12,11,3.07,1.37,,,76,72
1664,2017,7,29,,9,6,1.09,7.23,,,98,86
1665,2017,7,29,,13,15,1.16,5.15,,,63,61
1666,2017,7,29,,8,14,2.83,1.42,,,65,98
1667,2017,7,29,,3,7,3.71,1.27,,,58,123
1668,2017,7,30,,18,5,2.14,1.7,,,127,97
1669,2017,7,30,,4,1,2.59,1.5,,,103,103
1670,2017,7,30,,17,2,1.07,8.25,,,113,45
1671,2017,8,4,,7,16,2.27,1.63,,,61,107
1672,2017,8,5,,9,11,1.66,2.21,,,97,62
1673,2017,8,5,,5,3,1.22,4.25,,,84,76
1674,2017,8,5,,2,18,4.1,1.23,,,89,103
1675,2017,8,5,,12,4,2.81,1.43,,,57,111
1676,2017,8,5,,6,8,1.54,2.47,,,90,67
1677,2017,8,6,,15,17,1.71,2.13,,,103,95
1678,2017,8,6,,14,10,1.69,2.16,,,93,64
1679,2017,8,6,,1,13,1.51,2.54,,,130,46
